Well,Content,Fluor,Target,Sample,Starting Quantity (SQ),Cq,Plate,Inhibited,Notes,Sample_Id,Field_Sample
C02,Unkn-07,JUN,RADR,C4z,0,,190603,,,C4,BassGCP_20180527_02
C03,Unkn-07,JUN,RADR,C4z,0,,190603,,,C4,BassGCP_20180527_02
C04,Unkn-07,JUN,RADR,C4z,0,,190603,,,C4,BassGCP_20180527_02
F02,Unkn-16,JUN,RADR,CA C9z,1.659708302,31.49609987,190603,,,CA C9,CA-MANZA_20180715_01
F03,Unkn-16,JUN,RADR,CA C9z,1.499163959,31.62692734,190603,,,CA C9,CA-MANZA_20180715_01
F04,Unkn-16,JUN,RADR,CA C9z,1.398735994,31.7160949,190603,,,CA C9,CA-MANZA_20180715_01
G02,Unkn-19,JUN,RADR,CA C10z,0.637465354,32.72664331,190603,,,CA C10,CA-MANZA_20180715_02
G03,Unkn-19,JUN,RADR,CA C10z,0.305187124,33.67385823,190603,,,CA C10,CA-MANZA_20180715_02
G04,Unkn-19,JUN,RADR,CA C10z,0.543804575,32.93099717,190603,,,CA C10,CA-MANZA_20180715_02
D05,Unkn-11,JUN,RADR,EG D6z,0.988955449,32.16190935,190603,,,EG D6,EagleGCP_20180717_02
E05,Unkn-14,JUN,RADR,EG D6z,0.798218361,32.43745092,190603,,,EG D6,EagleGCP_20180717_02
F05,Unkn-17,JUN,RADR,EG D6z,0.450893165,33.17193635,190603,,,EG D6,EagleGCP_20180717_02
B02,Unkn-04,JUN,RADR,B6z,0.03147768,36.59513286,190603,,accidentally_re_ran,B6,GlorGCP_20180527_02
B03,Unkn-04,JUN,RADR,B6z,0,,190603,,accidentally_re_ran,B6,GlorGCP_20180527_02
B04,Unkn-04,JUN,RADR,B6z,0.104605867,35.05078166,190603,,accidentally_re_ran,B6,GlorGCP_20180527_02
A02,Unkn-01,JUN,RADR,B2z,0.022787191,37.01060503,190603,,accidentally_reran,B2,RLSNKGCP_20180527_02
A03,Unkn-01,JUN,RADR,B2z,0,,190603,,accidentally_reran,B2,RLSNKGCP_20180527_02
A04,Unkn-01,JUN,RADR,B2z,0,,190603,,accidentally_reran,B2,RLSNKGCP_20180527_02
H02,Unkn-22,JUN,RADR,Ron D1z,0.911101763,32.26735226,190603,1,,Ron D1,RonJRGCP_20180716_01
H03,Unkn-22,JUN,RADR,Ron D1z,0.098339865,35.13021638,190603,1,,Ron D1,RonJRGCP_20180716_01
H04,Unkn-22,JUN,RADR,Ron D1z,0.068781729,35.58994039,190603,1,,Ron D1,RonJRGCP_20180716_01
A05,Unkn-02,JUN,RADR,Ron D2z,1.64E-06,49.27660749,190603,1,,Ron D2,RonJRGCP_20180716_02
B05,Unkn-05,JUN,RADR,Ron D2z,8.71E-06,47.13114347,190603,1,,Ron D2,RonJRGCP_20180716_02
C05,Unkn-08,JUN,RADR,Ron D2z,5.33E-06,47.76105936,190603,1,,Ron D2,RonJRGCP_20180716_02
D02,Unkn-10,JUN,RADR,Wash A8z,0,,190603,,,Wash A8,WashGCP_20180714_01
D03,Unkn-10,JUN,RADR,Wash A8z,0,,190603,,,Wash A8,WashGCP_20180714_01
D04,Unkn-10,JUN,RADR,Wash A8z,0,,190603,,,Wash A8,WashGCP_20180714_01
E02,Unkn-13,JUN,RADR,Wash A9z,0,,190603,,,Wash A9,WashGCP_20180714_02
E03,Unkn-13,JUN,RADR,Wash A9z,0,,190603,,,Wash A9,WashGCP_20180714_02
E04,Unkn-13,JUN,RADR,Wash A9z,0,,190603,,,Wash A9,WashGCP_20180714_02
H05,NTC,JUN,RADR,PCR NEG,0,,190603,,,PCR NEG,PCRNeg_2018XXXX_01
D02,Unkn-10,JUN,RADR,A1,0,,190523,,,A1,WashGCP_20180525_01
D03,Unkn-10,JUN,RADR,A1,0,,190523,,,A1,WashGCP_20180525_01
D04,Unkn-10,JUN,RADR,A1,0,,190523,,,A1,WashGCP_20180525_01
E05,Unkn-14,JUN,RADR,A10,0,,190523,,,A10,ShptlGCP_20180527_03
E06,Unkn-14,JUN,RADR,A10,0,,190523,,,A10,ShptlGCP_20180527_03
E07,Unkn-14,JUN,RADR,A10,0,,190523,,,A10,ShptlGCP_20180527_03
E02,Unkn-13,JUN,RADR,A2,0,,190523,,,A2,WashGCP_20180525_02
E03,Unkn-13,JUN,RADR,A2,0,,190523,,,A2,WashGCP_20180525_02
E04,Unkn-13,JUN,RADR,A2,0,,190523,,,A2,WashGCP_20180525_02
F02,Unkn-16,JUN,RADR,A3,0,,190523,,,A3,NegCtrl_20180525_03
F03,Unkn-16,JUN,RADR,A3,0,,190523,,,A3,NegCtrl_20180525_03
F04,Unkn-16,JUN,RADR,A3,0,,190523,,,A3,NegCtrl_20180525_03
G02,Unkn-19,JUN,RADR,A4,0,,190523,,,A4,HeronGCP_20180527_01
G03,Unkn-19,JUN,RADR,A4,0,,190523,,,A4,HeronGCP_20180527_01
G04,Unkn-19,JUN,RADR,A4,0,,190523,,,A4,HeronGCP_20180527_01
H02,Unkn-22,JUN,RADR,A5,0,,190523,,,A5,HeronGCP_20180527_02
H03,Unkn-22,JUN,RADR,A5,0,,190523,,,A5,HeronGCP_20180527_02
H04,Unkn-22,JUN,RADR,A5,0,,190523,,,A5,HeronGCP_20180527_02
A05,Unkn-02,JUN,RADR,A6,0,,190523,,,A6,CA-EDWD_20180527_01
A06,Unkn-02,JUN,RADR,A6,0,,190523,,,A6,CA-EDWD_20180527_01
A07,Unkn-02,JUN,RADR,A6,0,,190523,,,A6,CA-EDWD_20180527_01
B05,Unkn-05,JUN,RADR,A7,0,,190523,,,A7,CA-EDWD_20180527_02
B06,Unkn-05,JUN,RADR,A7,0,,190523,,,A7,CA-EDWD_20180527_02
B07,Unkn-05,JUN,RADR,A7,0,,190523,,,A7,CA-EDWD_20180527_02
C05,Unkn-08,JUN,RADR,A8,0,,190523,,,A8,ShptlGCP_20180527_01
C06,Unkn-08,JUN,RADR,A8,0,,190523,,,A8,ShptlGCP_20180527_01
C07,Unkn-08,JUN,RADR,A8,0,,190523,,,A8,ShptlGCP_20180527_01
D05,Unkn-11,JUN,RADR,A9,0,,190523,,,A9,ShptlGCP_20180527_02
D06,Unkn-11,JUN,RADR,A9,0,,190523,,,A9,ShptlGCP_20180527_02
D07,Unkn-11,JUN,RADR,A9,0,,190523,,,A9,ShptlGCP_20180527_02
F05,Unkn-17,JUN,RADR,B1,0,,190523,1,,B1,RLSNKGCP_20180527_01
F06,Unkn-17,JUN,RADR,B1,0,,190523,1,,B1,RLSNKGCP_20180527_01
F07,Unkn-17,JUN,RADR,B1,0,,190523,1,,B1,RLSNKGCP_20180527_01
G08,Unkn-21,JUN,RADR,B10,0.072976984,35.19236192,190523,,,B10,EagleGCP_20180527_02
G09,Unkn-21,JUN,RADR,B10,0.04901373,35.59537596,190523,,,B10,EagleGCP_20180527_02
G10,Unkn-21,JUN,RADR,B10,0.137801096,34.5487571,190523,,,B10,EagleGCP_20180527_02
G05,Unkn-20,JUN,RADR,B2,0.002500974,38.60795052,190523,,,B2,RLSNKGCP_20180527_02
G06,Unkn-20,JUN,RADR,B2,0.0051081,37.88488563,190523,,,B2,RLSNKGCP_20180527_02
G07,Unkn-20,JUN,RADR,B2,0,,190523,,,B2,RLSNKGCP_20180527_02
H05,Unkn-23,JUN,RADR,B3,3.658248338,31.22888451,190523,,,B3,CA-MANZA_20180527_01
H06,Unkn-23,JUN,RADR,B3,2.912564045,31.45968158,190523,,,B3,CA-MANZA_20180527_01
H07,Unkn-23,JUN,RADR,B3,2.723049794,31.52780303,190523,,,B3,CA-MANZA_20180527_01
A08,Unkn-03,JUN,RADR,B4,2.906143424,31.46191602,190523,,,B4,CA-MANZA_20180527_02
A09,Unkn-03,JUN,RADR,B4,2.548295896,31.59495891,190523,,,B4,CA-MANZA_20180527_02
A10,Unkn-03,JUN,RADR,B4,2.890115351,31.46751559,190523,,,B4,CA-MANZA_20180527_02
B08,Unkn-06,JUN,RADR,B5,0,,190523,,,B5,GlorGCP_20180527_01
B09,Unkn-06,JUN,RADR,B5,0,,190523,,,B5,GlorGCP_20180527_01
B10,Unkn-06,JUN,RADR,B5,0,,190523,,,B5,GlorGCP_20180527_01
C08,Unkn-09,JUN,RADR,B6,0.002725326,38.52096984,190523,,,B6,GlorGCP_20180527_02
C09,Unkn-09,JUN,RADR,B6,0,,190523,,,B6,GlorGCP_20180527_02
C10,Unkn-09,JUN,RADR,B6,0.023238853,36.35096961,190523,,,B6,GlorGCP_20180527_02
D08,Unkn-12,JUN,RADR,B7,0,,190523,,,B7,Ca-Pig_20180527_01
D09,Unkn-12,JUN,RADR,B7,0,,190523,,,B7,Ca-Pig_20180527_01
D10,Unkn-12,JUN,RADR,B7,0,,190523,,,B7,Ca-Pig_20180527_01
E08,Unkn-15,JUN,RADR,B8,0,,190523,,,B8,Ca-Pig_20180527_02
E09,Unkn-15,JUN,RADR,B8,0,,190523,,,B8,Ca-Pig_20180527_02
E10,Unkn-15,JUN,RADR,B8,0,,190523,,,B8,Ca-Pig_20180527_02
F08,Unkn-18,JUN,RADR,B9,0.173522982,34.3153801,190523,,,B9,EagleGCP_20180527_01
F09,Unkn-18,JUN,RADR,B9,0.03380703,35.97144574,190523,,,B9,EagleGCP_20180527_01
F10,Unkn-18,JUN,RADR,B9,0.080655253,35.09107289,190523,,,B9,EagleGCP_20180527_01
H08,Unkn-24,JUN,RADR,C1,0,,190523,,,C1,NtalkGCP_20180527_01
H09,Unkn-24,JUN,RADR,C1,0,,190523,,,C1,NtalkGCP_20180527_01
H10,Unkn-24,JUN,RADR,C1,0,,190523,,,C1,NtalkGCP_20180527_01
A11,Unkn-25,JUN,RADR,C2,0,,190523,,,C2,NtalkGCP_20180527_02
B11,Unkn-25,JUN,RADR,C2,0,,190523,,,C2,NtalkGCP_20180527_02
C11,Unkn-25,JUN,RADR,C2,0,,190523,,,C2,NtalkGCP_20180527_02
D11,Unkn-26,JUN,RADR,C3,0,,190523,,,C3,BassGCP_20180527_01
E11,Unkn-26,JUN,RADR,C3,0,,190523,,,C3,BassGCP_20180527_01
F11,Unkn-26,JUN,RADR,C3,0,,190523,,,C3,BassGCP_20180527_01
A12,Unkn-27,JUN,RADR,C4,0,,190523,1,,C4,BassGCP_20180527_02
G11,Unkn-27,JUN,RADR,C4,0,,190523,1,,C4,BassGCP_20180527_02
H11,Unkn-27,JUN,RADR,C4,0,,190523,1,,C4,BassGCP_20180527_02
B12,Unkn-28,JUN,RADR,C5,0,,190523,,,C5,YBBA_20180527_01
C12,Unkn-28,JUN,RADR,C5,0,,190523,,,C5,YBBA_20180527_01
D12,Unkn-28,JUN,RADR,C5,0,,190523,,,C5,YBBA_20180527_01
E12,Unkn-29,JUN,RADR,C6,0.032362539,36.01565823,190523,,,C6,YBBA_20180527_02
F12,Unkn-29,JUN,RADR,C6,0.04274598,35.73390982,190523,,,C6,YBBA_20180527_02
G12,Unkn-29,JUN,RADR,C6,0.02627557,36.22662202,190523,,,C6,YBBA_20180527_02
A02,Unkn-01,JUN,RADR,MES_072018,0,,190523,,,MES_072018,ExtrNeg_20180725_01
A03,Unkn-01,JUN,RADR,MES_072018,0,,190523,,,MES_072018,ExtrNeg_20180725_01
A04,Unkn-01,JUN,RADR,MES_072018,0,,190523,,,MES_072018,ExtrNeg_20180725_01
B02,Unkn-04,JUN,RADR,MES_072518,0,,190523,,,MES_072518,ExtrNeg_20180725_01
B03,Unkn-04,JUN,RADR,MES_072518,0,,190523,,,MES_072518,ExtrNeg_20180725_01
B04,Unkn-04,JUN,RADR,MES_072518,0,,190523,,,MES_072518,ExtrNeg_20180725_01
C02,Unkn-07,JUN,RADR,MJS_091418,0,,190523,,,MJS_091418,ExtrNeg_20180914_01
C03,Unkn-07,JUN,RADR,MJS_091418,0,,190523,,,MJS_091418,ExtrNeg_20180914_01
C04,Unkn-07,JUN,RADR,MJS_091418,0,,190523,,,MJS_091418,ExtrNeg_20180914_01
H12,NTC,JUN,RADR,PCR NEG,0,,190523,,,PCR NEG,PCRNeg_2018XXXX_01
H08,Unkn-24,JUN,RADR,BG D3,0,,190529,,,BG D3,BassGCP_20180717_01
H09,Unkn-24,JUN,RADR,BG D3,0,,190529,,,BG D3,BassGCP_20180717_01
H10,Unkn-24,JUN,RADR,BG D3,0,,190529,,,BG D3,BassGCP_20180717_01
A11,Unkn-25,JUN,RADR,BG D4,0,,190529,,,BG D4,BassGCP_20180717_02
B11,Unkn-25,JUN,RADR,BG D4,0,,190529,,,BG D4,BassGCP_20180717_02
C11,Unkn-25,JUN,RADR,BG D4,0,,190529,,,BG D4,BassGCP_20180717_02
D08,Unkn-12,JUN,RADR,CA C9,3.362535466,31.80585994,190529,1,,CA C9,CA-MANZA_20180715_01
D09,Unkn-12,JUN,RADR,CA C9,2.425259452,32.23525589,190529,1,,CA C9,CA-MANZA_20180715_01
D10,Unkn-12,JUN,RADR,CA C9,2.674600238,32.10665475,190529,1,,CA C9,CA-MANZA_20180715_01
E08,Unkn-15,JUN,RADR,CA C10,1.158787086,33.20581473,190529,1,,CA C10,CA-MANZA_20180715_02
E09,Unkn-15,JUN,RADR,CA C10,1.006047931,33.39155715,190529,1,,CA C10,CA-MANZA_20180715_02
E10,Unkn-15,JUN,RADR,CA C10,1.229255899,33.12823571,190529,1,,CA C10,CA-MANZA_20180715_02
B12,Unkn-28,JUN,RADR,Pig D7,0,,190529,,,Pig D7,CA-Pig_20180717_01
C12,Unkn-28,JUN,RADR,Pig D7,0,,190529,,,Pig D7,CA-Pig_20180717_01
D12,Unkn-28,JUN,RADR,Pig D7,0,,190529,,,Pig D7,CA-Pig_20180717_01
E12,Unkn-29,JUN,RADR,Pig D8,0,,190529,,,Pig D8,CA-Pig_20180717_02
F12,Unkn-29,JUN,RADR,Pig D8,0,,190529,,,Pig D8,CA-Pig_20180717_02
G12,Unkn-29,JUN,RADR,Pig D8,0,,190529,,,Pig D8,CA-Pig_20180717_02
C02,Unkn-07,JUN,RADR,Cab B2,5.118482348,31.25371789,190529,,,Cab B2,CabinBOR_20180714_01
C03,Unkn-07,JUN,RADR,Cab B2,5.901185217,31.0667256,190529,,,Cab B2,CabinBOR_20180714_01
C04,Unkn-07,JUN,RADR,Cab B2,7.152069136,30.81408899,190529,,,Cab B2,CabinBOR_20180714_01
D02,Unkn-10,JUN,RADR,Cab B3,10.7637458,30.27690259,190529,,,Cab B3,CabinBOR_20180714_02
D03,Unkn-10,JUN,RADR,Cab B3,9.183343152,30.48557392,190529,,,Cab B3,CabinBOR_20180714_02
D04,Unkn-10,JUN,RADR,Cab B3,9.055339784,30.50401976,190529,,,Cab B3,CabinBOR_20180714_02
D11,Unkn-26,JUN,RADR,EG D5,1.003020758,33.39551725,190529,,,EG D5,EagleGCP_20180717_01
E11,Unkn-26,JUN,RADR,EG D5,1.241324586,33.11539682,190529,,,EG D5,EagleGCP_20180717_01
F11,Unkn-26,JUN,RADR,EG D5,0.8161968,33.66637733,190529,,,EG D5,EagleGCP_20180717_01
A12,Unkn-27,JUN,RADR,EG D6,0.838538105,33.63089029,190529,,,EG D6,EagleGCP_20180717_02
G11,Unkn-27,JUN,RADR,EG D6,0.665184537,33.93523342,190529,,,EG D6,EagleGCP_20180717_02
H11,Unkn-27,JUN,RADR,EG D6,0.601185308,34.06817097,190529,,,EG D6,EagleGCP_20180717_02
B08,Unkn-06,JUN,RADR,GG C7,0,,190529,,,GG C7,GlorGCP_20180715_01
B09,Unkn-06,JUN,RADR,GG C7,0,,190529,,,GG C7,GlorGCP_20180715_01
B10,Unkn-06,JUN,RADR,GG C7,0,,190529,,,GG C7,GlorGCP_20180715_01
C08,Unkn-09,JUN,RADR,GG C8,0,,190529,,,GG C8,GlorGCP_20180715_02
C09,Unkn-09,JUN,RADR,GG C8,0,,190529,,,GG C8,GlorGCP_20180715_02
C10,Unkn-09,JUN,RADR,GG C8,0,,190529,,,GG C8,GlorGCP_20180715_02
E02,Unkn-13,JUN,RADR,Gram B4,0,,190529,,,Gram B4,GrampsBOR_20180714_01
E03,Unkn-13,JUN,RADR,Gram B4,0,,190529,,,Gram B4,GrampsBOR_20180714_01
E04,Unkn-13,JUN,RADR,Gram B4,0,,190529,,,Gram B4,GrampsBOR_20180714_01
F02,Unkn-16,JUN,RADR,Gram B5,0,,190529,,,Gram B5,GrampsBOR_20180714_02
F03,Unkn-16,JUN,RADR,Gram B5,0,,190529,,,Gram B5,GrampsBOR_20180714_02
F04,Unkn-16,JUN,RADR,Gram B5,0,,190529,,,Gram B5,GrampsBOR_20180714_02
G02,Unkn-19,JUN,RADR,Neg B6,0,,190529,,,Neg B6,NegCtrl_20180714_01
G03,Unkn-19,JUN,RADR,Neg B6,0,,190529,,,Neg B6,NegCtrl_20180714_01
G04,Unkn-19,JUN,RADR,Neg B6,0,,190529,,,Neg B6,NegCtrl_20180714_01
A08,Unkn-03,JUN,RADR,NEG C6,0,,190529,,,NEG C6,NegCtrl_20180715_01
A09,Unkn-03,JUN,RADR,NEG C6,0,,190529,,,NEG C6,NegCtrl_20180715_01
A10,Unkn-03,JUN,RADR,NEG C6,0,,190529,,,NEG C6,NegCtrl_20180715_01
B05,Unkn-05,JUN,RADR,NG B9,0,,190529,,,NG B9,NorthGCP_20180715_01
B06,Unkn-05,JUN,RADR,NG B9,0,,190529,,,NG B9,NorthGCP_20180715_01
B07,Unkn-05,JUN,RADR,NG B9,0,,190529,,,NG B9,NorthGCP_20180715_01
C05,Unkn-08,JUN,RADR,NG B10,0,,190529,,,NG B10,NorthGCP_20180715_02
C06,Unkn-08,JUN,RADR,NG B10,0,,190529,,,NG B10,NorthGCP_20180715_02
C07,Unkn-08,JUN,RADR,NG B10,0,,190529,,,NG B10,NorthGCP_20180715_02
H05,Unkn-23,JUN,RADR,NG C5,0,,190529,,,NG C5,NtalkGCP_20180715_01
H06,Unkn-23,JUN,RADR,NG C5,0,,190529,,,NG C5,NtalkGCP_20180715_01
H07,Unkn-23,JUN,RADR,NG C5,0,,190529,,,NG C5,NtalkGCP_20180715_01
F05,Unkn-17,JUN,RADR,RG C3,0.004309768,40.55729543,190529,1,,RG C3,RLSNKGCP_20180715_01
F06,Unkn-17,JUN,RADR,RG C3,0.00240614,41.32324099,190529,1,,RG C3,RLSNKGCP_20180715_01
F07,Unkn-17,JUN,RADR,RG C3,0.010476812,39.38999305,190529,1,,RG C3,RLSNKGCP_20180715_01
G05,Unkn-20,JUN,RADR,RG C4,0,,190529,1,,RG C4,RLSNKGCP_20180715_02
G06,Unkn-20,JUN,RADR,RG C4,0,,190529,1,,RG C4,RLSNKGCP_20180715_02
G07,Unkn-20,JUN,RADR,RG C4,0,,190529,1,,RG C4,RLSNKGCP_20180715_02
F08,Unkn-18,JUN,RADR,Ron D1,0,,190529,1,,Ron D1,RonJRGCP_20180716_01
F09,Unkn-18,JUN,RADR,Ron D1,0,,190529,1,,Ron D1,RonJRGCP_20180716_01
F10,Unkn-18,JUN,RADR,Ron D1,0,,190529,1,,Ron D1,RonJRGCP_20180716_01
G08,Unkn-21,JUN,RADR,Ron D2,0,,190529,1,,Ron D2,RonJRGCP_20180716_02
G09,Unkn-21,JUN,RADR,Ron D2,0,,190529,1,,Ron D2,RonJRGCP_20180716_02
G10,Unkn-21,JUN,RADR,Ron D2,0,,190529,1,,Ron D2,RonJRGCP_20180716_02
D05,Unkn-11,JUN,RADR,SG C1,0,,190529,,,SG C1,ShptlGCP_20180715_01
D06,Unkn-11,JUN,RADR,SG C1,0,,190529,,,SG C1,ShptlGCP_20180715_01
D07,Unkn-11,JUN,RADR,SG C1,0,,190529,,,SG C1,ShptlGCP_20180715_01
E05,Unkn-14,JUN,RADR,SG C2,0,,190529,,,SG C2,ShptlGCP_20180715_02
E06,Unkn-14,JUN,RADR,SG C2,0,,190529,,,SG C2,ShptlGCP_20180715_02
E07,Unkn-14,JUN,RADR,SG C2,0,,190529,,,SG C2,ShptlGCP_20180715_02
A02,Unkn-01,JUN,RADR,WDM A10,0,,190529,,,WDM A10,WDMLGCP_20180714_01
A03,Unkn-01,JUN,RADR,WDM A10,0,,190529,,,WDM A10,WDMLGCP_20180714_01
A04,Unkn-01,JUN,RADR,WDM A10,0,,190529,,,WDM A10,WDMLGCP_20180714_01
B02,Unkn-04,JUN,RADR,WDM B1,0,,190529,1,,WDM B1,WDMLGCP_20180714_02
B03,Unkn-04,JUN,RADR,WDM B1,0,,190529,1,,WDM B1,WDMLGCP_20180714_02
B04,Unkn-04,JUN,RADR,WDM B1,0,,190529,1,,WDM B1,WDMLGCP_20180714_02
H02,Unkn-22,JUN,RADR,YB B7,2.666852584,32.11046694,190529,,,YB B7,YBBA_20180715_01
H03,Unkn-22,JUN,RADR,YB B7,2.882893886,32.00810311,190529,,,YB B7,YBBA_20180715_01
H04,Unkn-22,JUN,RADR,YB B7,3.238602365,31.85520945,190529,,,YB B7,YBBA_20180715_01
A05,Unkn-02,JUN,RADR,YB B8,2.042370592,32.46105674,190529,,,YB B8,YBBA_20180715_02
A06,Unkn-02,JUN,RADR,YB B8,2.965323124,31.97105638,190529,,,YB B8,YBBA_20180715_02
A07,Unkn-02,JUN,RADR,YB B8,3.497924486,31.75398591,190529,,,YB B8,YBBA_20180715_02
H12,NTC,JUN,RADR,PCR NEG,0,,190529,,,PCR NEG,PCRNeg_2018XXXX_01
A02,Unkn-01,FAM,AMCA3,HG D9,0.29425932,34.02770479,190531,,,HG D9,HeronGCP_20180717_01
B02,Unkn-01,FAM,AMCA3,HG D9,0.294293874,34.02753129,190531,,,HG D9,HeronGCP_20180717_01
C02,Unkn-01,FAM,AMCA3,HG D9,0.327554954,33.86931436,190531,,,HG D9,HeronGCP_20180717_01
A11,Unkn-25,JUN,RADR,HG D9,0,,190531,,,HG D9,HeronGCP_20180717_01
B11,Unkn-25,JUN,RADR,HG D9,0,,190531,,,HG D9,HeronGCP_20180717_01
C11,Unkn-25,JUN,RADR,HG D9,0,,190531,,,HG D9,HeronGCP_20180717_01
D02,Unkn-02,FAM,AMCA3,HG D10,0.489963764,33.27432104,190531,,,HG D10,HeronGCP_20180717_02
E02,Unkn-02,FAM,AMCA3,HG D10,0.569135822,33.05299483,190531,,,HG D10,HeronGCP_20180717_02
F02,Unkn-02,FAM,AMCA3,HG D10,0.455340113,33.38260959,190531,,,HG D10,HeronGCP_20180717_02
D11,Unkn-26,JUN,RADR,HG D10,0,,190531,,,HG D10,HeronGCP_20180717_02
E11,Unkn-26,JUN,RADR,HG D10,0,,190531,,,HG D10,HeronGCP_20180717_02
F11,Unkn-26,JUN,RADR,HG D10,0,,190531,,,HG D10,HeronGCP_20180717_02
A03,Unkn-03,FAM,AMCA3,Neg E1,0,,190531,,,Neg E1,NegCtrl_20180717_01
G02,Unkn-03,FAM,AMCA3,Neg E1,0,,190531,,,Neg E1,NegCtrl_20180717_01
H02,Unkn-03,FAM,AMCA3,Neg E1,0,,190531,,,Neg E1,NegCtrl_20180717_01
A12,Unkn-27,JUN,RADR,Neg E1,0,,190531,,,Neg E1,NegCtrl_20180717_01
G11,Unkn-27,JUN,RADR,Neg E1,0,,190531,,,Neg E1,NegCtrl_20180717_01
H11,Unkn-27,JUN,RADR,Neg E1,0,,190531,,,Neg E1,NegCtrl_20180717_01
H03,NTC,FAM,AMCA3,PCR NEG,0,,190531,,,PCR NEG,PCRNeg_2018XXXX_01
H12,NTC,JUN,RADR,PCR NEG,0,,190531,,,PCR NEG,PCRNeg_2018XXXX_01
A12,Unkn-27,FAM,AMCA3,C3,0,,190605,,,C3,BassGCP_20180527_01
G11,Unkn-27,FAM,AMCA3,C3,0,,190605,,,C3,BassGCP_20180527_01
H11,Unkn-27,FAM,AMCA3,C3,0,,190605,,,C3,BassGCP_20180527_01
B12,Unkn-28,FAM,AMCA3,C4z,0,,190605,1,,C4,BassGCP_20180527_02
C12,Unkn-28,FAM,AMCA3,C4z,0,,190605,1,,C4,BassGCP_20180527_02
D12,Unkn-28,FAM,AMCA3,C4z,0,,190605,1,,C4,BassGCP_20180527_02
B05,Unkn-10,FAM,AMCA3,A6,0,,190605,,,A6,CA-EDWD_20180527_01
B06,Unkn-10,FAM,AMCA3,A6,0,,190605,,,A6,CA-EDWD_20180527_01
B07,Unkn-10,FAM,AMCA3,A6,0,,190605,,,A6,CA-EDWD_20180527_01
C05,Unkn-11,FAM,AMCA3,A7,0.194211335,33.53085778,190605,,,A7,CA-EDWD_20180527_02
C06,Unkn-11,FAM,AMCA3,A7,0.131042787,34.10859075,190605,,,A7,CA-EDWD_20180527_02
C07,Unkn-11,FAM,AMCA3,A7,0.099655354,34.51066893,190605,,,A7,CA-EDWD_20180527_02
A08,Unkn-17,FAM,AMCA3,B3,0,,190605,,,B3,CA-MANZA_20180527_01
A09,Unkn-17,FAM,AMCA3,B3,0,,190605,,,B3,CA-MANZA_20180527_01
A10,Unkn-17,FAM,AMCA3,B3,0,,190605,,,B3,CA-MANZA_20180527_01
B08,Unkn-18,FAM,AMCA3,B4,0,,190605,,,B4,CA-MANZA_20180527_02
B09,Unkn-18,FAM,AMCA3,B4,0,,190605,,,B4,CA-MANZA_20180527_02
B10,Unkn-18,FAM,AMCA3,B4,0,,190605,,,B4,CA-MANZA_20180527_02
E08,Unkn-21,FAM,AMCA3,B7,0,,190605,,,B7,Ca-Pig_20180527_01
E09,Unkn-21,FAM,AMCA3,B7,0,,190605,,,B7,Ca-Pig_20180527_01
E10,Unkn-21,FAM,AMCA3,B7,0,,190605,,,B7,Ca-Pig_20180527_01
F08,Unkn-22,FAM,AMCA3,B8,0,,190605,,,B8,Ca-Pig_20180527_02
F09,Unkn-22,FAM,AMCA3,B8,0,,190605,,,B8,Ca-Pig_20180527_02
F10,Unkn-22,FAM,AMCA3,B8,0,,190605,,,B8,Ca-Pig_20180527_02
G08,Unkn-23,FAM,AMCA3,B9,0,,190605,,,B9,EagleGCP_20180527_01
G09,Unkn-23,FAM,AMCA3,B9,0,,190605,,,B9,EagleGCP_20180527_01
G10,Unkn-23,FAM,AMCA3,B9,0,,190605,,,B9,EagleGCP_20180527_01
H08,Unkn-24,FAM,AMCA3,B10,0,,190605,,,B10,EagleGCP_20180527_02
H09,Unkn-24,FAM,AMCA3,B10,0,,190605,,,B10,EagleGCP_20180527_02
H10,Unkn-24,FAM,AMCA3,B10,0,,190605,,,B10,EagleGCP_20180527_02
C08,Unkn-19,FAM,AMCA3,B5,0,,190605,,,B5,GlorGCP_20180527_01
C09,Unkn-19,FAM,AMCA3,B5,0,,190605,,,B5,GlorGCP_20180527_01
C10,Unkn-19,FAM,AMCA3,B5,0,,190605,,,B5,GlorGCP_20180527_01
D08,Unkn-20,FAM,AMCA3,B6z,0,3.927455469,190605,,,B6,GlorGCP_20180527_02
D09,Unkn-20,FAM,AMCA3,B6z,0,1.424091672,190605,,,B6,GlorGCP_20180527_02
D10,Unkn-20,FAM,AMCA3,B6z,0,,190605,,,B6,GlorGCP_20180527_02
H02,Unkn-08,FAM,AMCA3,A4,0.410035828,32.43346785,190605,,,A4,HeronGCP_20180527_01
H03,Unkn-08,FAM,AMCA3,A4,0.422960442,32.38789494,190605,,,A4,HeronGCP_20180527_01
H04,Unkn-08,FAM,AMCA3,A4,0.38183497,32.53810576,190605,,,A4,HeronGCP_20180527_01
A05,Unkn-09,FAM,AMCA3,A5,0.500140958,32.14176145,190605,,,A5,HeronGCP_20180527_02
A06,Unkn-09,FAM,AMCA3,A5,0.408780634,32.43797002,190605,,,A5,HeronGCP_20180527_02
A07,Unkn-09,FAM,AMCA3,A5,0.510068915,32.11289725,190605,,,A5,HeronGCP_20180527_02
G02,Unkn-07,FAM,AMCA3,A3,0,,190605,,,A3,NegCtrl_20180525_03
G03,Unkn-07,FAM,AMCA3,A3,0,,190605,,,A3,NegCtrl_20180525_03
G04,Unkn-07,FAM,AMCA3,A3,0,,190605,,,A3,NegCtrl_20180525_03
A11,Unkn-25,FAM,AMCA3,C1,0,,190605,,,C1,NtalkGCP_20180527_01
B11,Unkn-25,FAM,AMCA3,C1,0,2.659994546,190605,,,C1,NtalkGCP_20180527_01
C11,Unkn-25,FAM,AMCA3,C1,0,,190605,,,C1,NtalkGCP_20180527_01
D11,Unkn-26,FAM,AMCA3,C2,0,,190605,,,C2,NtalkGCP_20180527_02
E11,Unkn-26,FAM,AMCA3,C2,0,,190605,,,C2,NtalkGCP_20180527_02
F11,Unkn-26,FAM,AMCA3,C2,0,,190605,,,C2,NtalkGCP_20180527_02
G05,Unkn-15,FAM,AMCA3,B1z,0,,190605,,,B1,RLSNKGCP_20180527_01
G06,Unkn-15,FAM,AMCA3,B1z,0,,190605,,,B1,RLSNKGCP_20180527_01
G07,Unkn-15,FAM,AMCA3,B1z,0,,190605,,,B1,RLSNKGCP_20180527_01
A02,Unkn-01,JUN,RADR,B1z,0.116961507,34.88329198,190605,,,B1,RLSNKGCP_20180527_01
A03,Unkn-01,JUN,RADR,B1z,0.0723148,35.5571208,190605,,,B1,RLSNKGCP_20180527_01
A04,Unkn-01,JUN,RADR,B1z,0.081999896,35.38097655,190605,,,B1,RLSNKGCP_20180527_01
H05,Unkn-16,FAM,AMCA3,B2z,0,,190605,,,B2,RLSNKGCP_20180527_02
H06,Unkn-16,FAM,AMCA3,B2z,0,,190605,,,B2,RLSNKGCP_20180527_02
H07,Unkn-16,FAM,AMCA3,B2z,0,,190605,,,B2,RLSNKGCP_20180527_02
D02,Unkn-10,JUN,RADR,RG C3z,0.53242773,32.75928534,190605,,,RG C3,RLSNKGCP_20180715_01
D03,Unkn-10,JUN,RADR,RG C3z,0.642387215,32.49617562,190605,,,RG C3,RLSNKGCP_20180715_01
D04,Unkn-10,JUN,RADR,RG C3z,0.343862051,33.37199867,190605,,,RG C3,RLSNKGCP_20180715_01
E02,Unkn-13,JUN,RADR,RG C4z,0,,190605,1,,RG C4,RLSNKGCP_20180715_02
E03,Unkn-13,JUN,RADR,RG C4z,0,,190605,1,,RG C4,RLSNKGCP_20180715_02
E04,Unkn-13,JUN,RADR,RG C4z,0,,190605,1,,RG C4,RLSNKGCP_20180715_02
F02,Unkn-16,JUN,RADR,Ron D1z*,2.553438066,31.5335946,190605,,,Ron D1,RonJRGCP_20180716_01
F03,Unkn-16,JUN,RADR,Ron D1z*,2.742874073,31.43330062,190605,,,Ron D1,RonJRGCP_20180716_01
F04,Unkn-16,JUN,RADR,Ron D1z*,2.476237498,31.57661904,190605,,,Ron D1,RonJRGCP_20180716_01
G02,Unkn-19,JUN,RADR,Ron D2z*,2.591077952,31.51308712,190605,,,Ron D2,RonJRGCP_20180716_02
G03,Unkn-19,JUN,RADR,Ron D2z*,1.757192649,32.05734063,190605,,,Ron D2,RonJRGCP_20180716_02
G04,Unkn-19,JUN,RADR,Ron D2z*,2.863166269,31.37314883,190605,,,Ron D2,RonJRGCP_20180716_02
D05,Unkn-12,FAM,AMCA3,A8,0,,190605,,,A8,ShptlGCP_20180527_01
D06,Unkn-12,FAM,AMCA3,A8,0,,190605,,,A8,ShptlGCP_20180527_01
D07,Unkn-12,FAM,AMCA3,A8,0,,190605,,,A8,ShptlGCP_20180527_01
E05,Unkn-13,FAM,AMCA3,A9,0,,190605,,,A9,ShptlGCP_20180527_02
E06,Unkn-13,FAM,AMCA3,A9,0,,190605,,,A9,ShptlGCP_20180527_02
E07,Unkn-13,FAM,AMCA3,A9,0,,190605,,,A9,ShptlGCP_20180527_02
F05,Unkn-14,FAM,AMCA3,A10,0.037144251,35.95992251,190605,,,A10,ShptlGCP_20180527_03
F06,Unkn-14,FAM,AMCA3,A10,0.021073703,36.7922308,190605,,,A10,ShptlGCP_20180527_03
F07,Unkn-14,FAM,AMCA3,A10,0.060368336,35.24674787,190605,,,A10,ShptlGCP_20180527_03
E02,Unkn-05,FAM,AMCA3,A1,0.717406607,31.61200399,190605,,,A1,WashGCP_20180525_01
E03,Unkn-05,FAM,AMCA3,A1,0.853248223,31.3573586,190605,,,A1,WashGCP_20180525_01
E04,Unkn-05,FAM,AMCA3,A1,0.840642991,31.3792146,190605,,,A1,WashGCP_20180525_01
F02,Unkn-06,FAM,AMCA3,A2,0.520018833,32.08452745,190605,1,,A2,WashGCP_20180525_02
F03,Unkn-06,FAM,AMCA3,A2,0.782163382,31.48509686,190605,1,,A2,WashGCP_20180525_02
F04,Unkn-06,FAM,AMCA3,A2,0.744135242,31.55828705,190605,1,,A2,WashGCP_20180525_02
B02,Unkn-04,JUN,RADR,D1z,0,,190605,,,D1,WDMLGCP_20180527_01
B03,Unkn-04,JUN,RADR,D1z,0,,190605,,,D1,WDMLGCP_20180527_01
B04,Unkn-04,JUN,RADR,D1z,0,,190605,,,D1,WDMLGCP_20180527_01
C02,Unkn-07,JUN,RADR,WDM B1z,0,,190605,,,WDM B1,WDMLGCP_20180714_02
C03,Unkn-07,JUN,RADR,WDM B1z,0,,190605,,,WDM B1,WDMLGCP_20180714_02
C04,Unkn-07,JUN,RADR,WDM B1z,0,,190605,,,WDM B1,WDMLGCP_20180714_02
E12,Unkn-29,FAM,AMCA3,C5,0,,190605,,,C5,YBBA_20180527_01
F12,Unkn-29,FAM,AMCA3,C5,0,,190605,,,C5,YBBA_20180527_01
G12,Unkn-29,FAM,AMCA3,C5,0,,190605,,,C5,YBBA_20180527_01
A02,Unkn-01,FAM,AMCA3,MES_072018,0,,190605,,,MES_072018,ExtrNeg_20180725_01
A03,Unkn-01,FAM,AMCA3,MES_072018,0,,190605,,,MES_072018,ExtrNeg_20180725_01
A04,Unkn-01,FAM,AMCA3,MES_072018,0,,190605,,,MES_072018,ExtrNeg_20180725_01
B02,Unkn-02,FAM,AMCA3,MES_072518,0,,190605,,,MES_072518,ExtrNeg_20180725_01
B03,Unkn-02,FAM,AMCA3,MES_072518,0,,190605,,,MES_072518,ExtrNeg_20180725_01
B04,Unkn-02,FAM,AMCA3,MES_072518,0,,190605,,,MES_072518,ExtrNeg_20180725_01
C02,Unkn-03,FAM,AMCA3,MJS_090718,0,,190605,,,MJS_090718,ExtrNeg_20180907_01
C03,Unkn-03,FAM,AMCA3,MJS_090718,0,,190605,,,MJS_090718,ExtrNeg_20180907_01
C04,Unkn-03,FAM,AMCA3,MJS_090718,0,,190605,,,MJS_090718,ExtrNeg_20180907_01
D02,Unkn-04,FAM,AMCA3,MJS_091418,0,,190605,,,MJS_091418,ExtrNeg_20180914_01
D03,Unkn-04,FAM,AMCA3,MJS_091418,0,,190605,,,MJS_091418,ExtrNeg_20180914_01
D04,Unkn-04,FAM,AMCA3,MJS_091418,0,,190605,,,MJS_091418,ExtrNeg_20180914_01
H12,NTC,FAM,AMCA3,PCR NEG,0,,190605,,,PCR NEG,PCRNeg_2018XXXX_01
H02,NTC,JUN,RADR,PCR NEG,0,,190605,,,PCR NEG,PCRNeg_2018XXXX_01
D05,Unkn-12,FAM,AMCA3,D7,0,,190607,,,D7,CabinBOR_20180530_01
D06,Unkn-12,FAM,AMCA3,D7,0,,190607,,,D7,CabinBOR_20180530_01
D07,Unkn-12,FAM,AMCA3,D7,0,,190607,,,D7,CabinBOR_20180530_01
E05,Unkn-13,FAM,AMCA3,D8,0,,190607,,,D8,CabinBOR_20180530_02
E06,Unkn-13,FAM,AMCA3,D8,0,,190607,,,D8,CabinBOR_20180530_02
E07,Unkn-13,FAM,AMCA3,D8,0,,190607,,,D8,CabinBOR_20180530_02
B08,Unkn-18,FAM,AMCA3,E3,0.341346379,32.54628182,190607,,,E3,GrampsBOR_20180601_01
B09,Unkn-18,FAM,AMCA3,E3,0,,190607,,,E3,GrampsBOR_20180601_01
B10,Unkn-18,FAM,AMCA3,E3,0,,190607,,,E3,GrampsBOR_20180601_01
C08,Unkn-19,FAM,AMCA3,E4,1.527539889,30.34812563,190607,,,E4,GrampsBOR_20180601_02
C09,Unkn-19,FAM,AMCA3,E4,0.442604939,32.16521371,190607,,,E4,GrampsBOR_20180601_02
C10,Unkn-19,FAM,AMCA3,E4,0.917541605,31.09582206,190607,,,E4,GrampsBOR_20180601_02
D02,Unkn-04,FAM,AMCA3,C9,0,,190607,,,C9,KAMM_20180527_01
D03,Unkn-04,FAM,AMCA3,C9,0,,190607,,,C9,KAMM_20180527_01
D04,Unkn-04,FAM,AMCA3,C9,0,,190607,,,C9,KAMM_20180527_01
E02,Unkn-05,FAM,AMCA3,C10,0,,190607,,,C10,KAMM_20180527_02
E03,Unkn-05,FAM,AMCA3,C10,0,,190607,,,C10,KAMM_20180527_02
E04,Unkn-05,FAM,AMCA3,C10,0,,190607,,,C10,KAMM_20180527_02
D11,Unkn-26,FAM,AMCA3,KM A6,0,,190607,,,KM A6,KAMM_20180714_01
E11,Unkn-26,FAM,AMCA3,KM A6,0,,190607,,,KM A6,KAMM_20180714_01
F11,Unkn-26,FAM,AMCA3,KM A6,0,,190607,,,KM A6,KAMM_20180714_01
A12,Unkn-27,FAM,AMCA3,KM A7,0,,190607,,,KM A7,KAMM_20180714_02
G11,Unkn-27,FAM,AMCA3,KM A7,0,,190607,,,KM A7,KAMM_20180714_02
H11,Unkn-27,FAM,AMCA3,KM A7,0,,190607,,,KM A7,KAMM_20180714_02
B05,Unkn-10,FAM,AMCA3,D5,0,,190607,,,D5,NegCtrl_20180527_01
B06,Unkn-10,FAM,AMCA3,D5,0,,190607,,,D5,NegCtrl_20180527_01
B07,Unkn-10,FAM,AMCA3,D5,0,,190607,,,D5,NegCtrl_20180527_01
C05,Unkn-11,FAM,AMCA3,D6,0,,190607,,,D6,NegCtrl_20180527_02
C06,Unkn-11,FAM,AMCA3,D6,0,,190607,,,D6,NegCtrl_20180527_02
C07,Unkn-11,FAM,AMCA3,D6,0,,190607,,,D6,NegCtrl_20180527_02
D08,Unkn-20,FAM,AMCA3,E5,0,,190607,,,E5,NegCtrl_20180601_01
D09,Unkn-20,FAM,AMCA3,E5,0,,190607,,,E5,NegCtrl_20180601_01
D10,Unkn-20,FAM,AMCA3,E5,0,,190607,,,E5,NegCtrl_20180601_01
H02,Unkn-08,FAM,AMCA3,D3,0,,190607,,,D3,NorthGCP_20180527_01
H03,Unkn-08,FAM,AMCA3,D3,0,,190607,,,D3,NorthGCP_20180527_01
H04,Unkn-08,FAM,AMCA3,D3,0,,190607,,,D3,NorthGCP_20180527_01
A05,Unkn-09,FAM,AMCA3,D4,0,,190607,,,D4,NorthGCP_20180527_02
A06,Unkn-09,FAM,AMCA3,D4,0,,190607,,,D4,NorthGCP_20180527_02
A07,Unkn-09,FAM,AMCA3,D4,0,,190607,,,D4,NorthGCP_20180527_02
F05,Unkn-14,FAM,AMCA3,D9,8.795351302,27.78024202,190607,,,D9,PPKBOR_20180601_01
F06,Unkn-14,FAM,AMCA3,D9,2.398445966,29.6863205,190607,,,D9,PPKBOR_20180601_01
F07,Unkn-14,FAM,AMCA3,D9,4.195613737,28.86600907,190607,,,D9,PPKBOR_20180601_01
G05,Unkn-15,FAM,AMCA3,D10,1.082770526,30.85293403,190607,,,D10,PPKBOR_20180601_02
G06,Unkn-15,FAM,AMCA3,D10,2.764058058,29.47819996,190607,,,D10,PPKBOR_20180601_02
G07,Unkn-15,FAM,AMCA3,D10,1.634984222,30.24841442,190607,,,D10,PPKBOR_20180601_02
E08,Unkn-21,FAM,AMCA3,PPK A1,0.111537109,34.187056,190607,,,PPK A1,PPKBOR_20180714_01
E09,Unkn-21,FAM,AMCA3,PPK A1,0.057911105,35.1485255,190607,,,PPK A1,PPKBOR_20180714_01
E10,Unkn-21,FAM,AMCA3,PPK A1,0.081039003,34.65561953,190607,,,PPK A1,PPKBOR_20180714_01
F08,Unkn-22,FAM,AMCA3,PPK A2,0.423319219,32.23056512,190607,,,PPK A2,PPKBOR_20180714_02
F09,Unkn-22,FAM,AMCA3,PPK A2,0.577289758,31.77551019,190607,,,PPK A2,PPKBOR_20180714_02
F10,Unkn-22,FAM,AMCA3,PPK A2,0.73188265,31.42745292,190607,,,PPK A2,PPKBOR_20180714_02
G08,Unkn-23,FAM,AMCA3,PPK A3,0.062464051,35.03750837,190607,,,PPK A3,PPKBOR_20180714_03
G09,Unkn-23,FAM,AMCA3,PPK A3,0.071525571,34.83879803,190607,,,PPK A3,PPKBOR_20180714_03
G10,Unkn-23,FAM,AMCA3,PPK A3,0.037883609,35.77105929,190607,,,PPK A3,PPKBOR_20180714_03
B02,Unkn-02,FAM,AMCA3,C7,0,,190607,,,C7,RonJRGCP_20180527_01
B03,Unkn-02,FAM,AMCA3,C7,0.009442556,37.80899567,190607,,,C7,RonJRGCP_20180527_01
B04,Unkn-02,FAM,AMCA3,C7,0,,190607,,,C7,RonJRGCP_20180527_01
C02,Unkn-03,FAM,AMCA3,C8,0.16530143,33.60996249,190607,,,C8,RonJRGCP_20180527_02
C03,Unkn-03,FAM,AMCA3,C8,0.203493114,33.3050528,190607,,,C8,RonJRGCP_20180527_02
C04,Unkn-03,FAM,AMCA3,C8,0.248799382,33.01018661,190607,,,C8,RonJRGCP_20180527_02
H05,Unkn-16,FAM,AMCA3,E1,0,,190607,,,E1,UCTBOR_20180601_01
H06,Unkn-16,FAM,AMCA3,E1,0,,190607,,,E1,UCTBOR_20180601_01
H07,Unkn-16,FAM,AMCA3,E1,0,,190607,,,E1,UCTBOR_20180601_01
A08,Unkn-17,FAM,AMCA3,E2,0,,190607,,,E2,UCTBOR_20180601_02
A09,Unkn-17,FAM,AMCA3,E2,0,,190607,,,E2,UCTBOR_20180601_02
A10,Unkn-17,FAM,AMCA3,E2,0,,190607,,,E2,UCTBOR_20180601_02
H08,Unkn-24,FAM,AMCA3,UCT A4,0,,190607,,,UCT A4,UCTBOR_20180714_01
H09,Unkn-24,FAM,AMCA3,UCT A4,0,,190607,,,UCT A4,UCTBOR_20180714_01
H10,Unkn-24,FAM,AMCA3,UCT A4,0,,190607,,,UCT A4,UCTBOR_20180714_01
A11,Unkn-25,FAM,AMCA3,UCT A5,0,,190607,,,UCT A5,UCTBOR_20180714_02
B11,Unkn-25,FAM,AMCA3,UCT A5,0,,190607,,,UCT A5,UCTBOR_20180714_02
C11,Unkn-25,FAM,AMCA3,UCT A5,0,,190607,,,UCT A5,UCTBOR_20180714_02
B12,Unkn-28,FAM,AMCA3,Wash A8z,0.271808632,32.88043828,190607,,,Wash A8,WashGCP_20180714_01
C12,Unkn-28,FAM,AMCA3,Wash A8z,0.323330757,32.62581934,190607,,,Wash A8,WashGCP_20180714_01
D12,Unkn-28,FAM,AMCA3,Wash A8z,0.316774783,32.6558682,190607,,,Wash A8,WashGCP_20180714_01
E12,Unkn-29,FAM,AMCA3,Wash A9z,0.170950029,33.56067411,190607,,,Wash A9,WashGCP_20180714_02
F12,Unkn-29,FAM,AMCA3,Wash A9z,0.113501271,34.16144898,190607,,,Wash A9,WashGCP_20180714_02
G12,Unkn-29,FAM,AMCA3,Wash A9z,0.171110565,33.55929723,190607,,,Wash A9,WashGCP_20180714_02
F02,Unkn-06,FAM,AMCA3,D1z,0,,190607,,,D1,WDMLGCP_20180527_01
F03,Unkn-06,FAM,AMCA3,D1z,0,,190607,,,D1,WDMLGCP_20180527_01
F04,Unkn-06,FAM,AMCA3,D1z,0,,190607,,,D1,WDMLGCP_20180527_01
G02,Unkn-07,FAM,AMCA3,D2,0,,190607,,,D2,WDMLGCP_20180527_02
G03,Unkn-07,FAM,AMCA3,D2,0,,190607,,,D2,WDMLGCP_20180527_02
G04,Unkn-07,FAM,AMCA3,D2,0,,190607,,,D2,WDMLGCP_20180527_02
A02,Unkn-01,FAM,AMCA3,C6,0,,190607,,,C6,YBBA_20180527_02
A03,Unkn-01,FAM,AMCA3,C6,0,,190607,,,C6,YBBA_20180527_02
A04,Unkn-01,FAM,AMCA3,C6,0,,190607,,,C6,YBBA_20180527_02
H12,NTC,FAM,AMCA3,PCR NEG,0,,190607,,,PCR NEG,PCRNeg_2018XXXX_01
A02,Unkn-1,JUN,RADR,RG C4z*,2.375216436,35.36429844,190612,,,RG C4,RLSNKGCP_20180715_02
A03,Unkn-1,JUN,RADR,RG C4z*,2.997617415,35.04370181,190612,,,RG C4,RLSNKGCP_20180715_02
A04,Unkn-1,JUN,RADR,RG C4z*,2.394254975,35.35330069,190612,,,RG C4,RLSNKGCP_20180715_02
H12,NTC,JUN,RADR,PCR NEG,0,,190612,,,PCR NEG,PCRNeg_2018XXXX_01
B02,Unkn-2,FAM,CTS,C4z*,0,,190627,,,C4,BassGCP_20180527_02
B03,Unkn-2,FAM,CTS,C4z*,0,,190627,,,C4,BassGCP_20180527_02
B04,Unkn-2,FAM,CTS,C4z*,0,,190627,,,C4,BassGCP_20180527_02
D02,Unkn-4,FAM,CTS,E3,0,,190627,,,E3,GrampsBOR_20180601_01
D03,Unkn-4,FAM,CTS,E3,0,,190627,,,E3,GrampsBOR_20180601_01
D04,Unkn-4,FAM,CTS,E3,0.104968804,35.04380194,190627,,,E3,GrampsBOR_20180601_01
E02,Unkn-5,FAM,CTS,Gram B4b,0.015494645,38.05820477,190627,,,Gram B4,GrampsBOR_20180714_01
E03,Unkn-5,FAM,CTS,Gram B4b,0,,190627,,,Gram B4,GrampsBOR_20180714_01
E04,Unkn-5,FAM,CTS,Gram B4b,0.043426009,36.43444037,190627,,,Gram B4,GrampsBOR_20180714_01
F02,Unkn-6,FAM,CTS,Gram B5,0.012306323,38.42119516,190627,,,Gram B5,GrampsBOR_20180714_02
F03,Unkn-6,FAM,CTS,Gram B5,0.145733365,34.52682076,190627,,,Gram B5,GrampsBOR_20180714_02
F04,Unkn-6,FAM,CTS,Gram B5,0.033062812,36.8640288,190627,,,Gram B5,GrampsBOR_20180714_02
G02,Unkn-7,FAM,CTS,RG C4z,0,,190627,,,RG C4,RLSNKGCP_20180715_02
G03,Unkn-7,FAM,CTS,RG C4z,0,,190627,,,RG C4,RLSNKGCP_20180715_02
G04,Unkn-7,FAM,CTS,RG C4z,0,,190627,,,RG C4,RLSNKGCP_20180715_02
C02,Unkn-3,FAM,CTS,C7,0,,190627,,,C7,RonJRGCP_20180527_01
C03,Unkn-3,FAM,CTS,C7,0,,190627,,,C7,RonJRGCP_20180527_01
C04,Unkn-3,FAM,CTS,C7,0,,190627,,,C7,RonJRGCP_20180527_01
H02,Unkn-8,FAM,CTS,Ron D1b,0,,190627,1,,Ron D1b,RonJRGCP_20180716_01
H03,Unkn-8,FAM,CTS,Ron D1b,0,,190627,1,,Ron D1b,RonJRGCP_20180716_01
H04,Unkn-8,FAM,CTS,Ron D1b,0,,190627,1,,Ron D1b,RonJRGCP_20180716_01
A05,Unkn-9,FAM,CTS,Ron D2z*,0,,190627,,,Ron D2,RonJRGCP_20180716_02
A06,Unkn-9,FAM,CTS,Ron D2z*,0.044153055,36.40827966,190627,,,Ron D2,RonJRGCP_20180716_02
A07,Unkn-9,FAM,CTS,Ron D2z*,0.000331196,44.11726466,190627,,,Ron D2,RonJRGCP_20180716_02
A02,Unkn-1,FAM,CTS,A2z,0.521036107,32.51943286,190627,,,A2,WashGCP_20180525_02
A03,Unkn-1,FAM,CTS,A2z,0.62084131,32.24329795,190627,,,A2,WashGCP_20180525_02
A04,Unkn-1,FAM,CTS,A2z,0.663112564,32.13951388,190627,,,A2,WashGCP_20180525_02
H12,NTC,FAM,CTS,PCR NEG,0,,190627,,,PCR NEG,PCRNeg_2018XXXX_01
A12,Unkn,FAM,CTS,Ron D1bz,0,,190628,1,,Ron D1b,RonJRGCP_20180716_01
B12,Unkn,FAM,CTS,Ron D1bz,0,,190628,1,,Ron D1b,RonJRGCP_20180716_01
C12,Unkn,FAM,CTS,Ron D1bz,0,,190628,1,,Ron D1b,RonJRGCP_20180716_01
D12,Unkn,FAM,CTS,Ron D2bz*,0.020694675,37.40795268,190628,,,Ron D2b,RonJRGCP_20180716_02
E12,Unkn,FAM,CTS,Ron D2bz*,0.011859583,38.21060825,190628,,,Ron D2b,RonJRGCP_20180716_02
F12,Unkn,FAM,CTS,Ron D2bz*,0.020694876,37.40793867,190628,,,Ron D2b,RonJRGCP_20180716_02
E07,Unkn-14,FAM,CTS,MES_062619,0,,190628,,,MES_062619,ExtrNeg_20180720_01
F07,Unkn-14,FAM,CTS,MES_062619,0,,190628,,,MES_062619,ExtrNeg_20180720_01
G07,Unkn-14,FAM,CTS,MES_062619,0,,190628,,,MES_062619,ExtrNeg_20180720_01
H12,NTC,FAM,CTS,PCR NEG,0,,190628,,,PCR NEG,PCRNeg_2018XXXX_01
D02,Unkn-4,FAM,CTS,Ron D1bz*,0.10200666,36.9677507,190702,,,Ron D1b,RonJRGCP_20180716_01
E02,Unkn-5,FAM,CTS,Ron D1bz*,0.044741699,38.32089136,190702,,,Ron D1b,RonJRGCP_20180716_01
F02,Unkn-6,FAM,CTS,Ron D1bz*,0.041057377,38.46198849,190702,,,Ron D1b,RonJRGCP_20180716_01
D05,Unkn-11,JUN,RADR,D7,0.758318332,33.94366589,190528,,,D7,CabinBOR_20180530_01
D06,Unkn-11,JUN,RADR,D7,0.641677289,34.19783336,190528,,,D7,CabinBOR_20180530_01
D07,Unkn-11,JUN,RADR,D7,0.440702202,34.76959786,190528,,,D7,CabinBOR_20180530_01
E05,Unkn-14,JUN,RADR,D8,0.796668408,33.8685875,190528,,,D8,CabinBOR_20180530_02
E06,Unkn-14,JUN,RADR,D8,0.306603607,35.32172734,190528,,,D8,CabinBOR_20180530_02
E07,Unkn-14,JUN,RADR,D8,0.367579413,35.04569786,190528,,,D8,CabinBOR_20180530_02
B08,Unkn-06,JUN,RADR,E3,0,,190528,,,E3,GrampsBOR_20180601_01
B09,Unkn-06,JUN,RADR,E3,0,,190528,,,E3,GrampsBOR_20180601_01
B10,Unkn-06,JUN,RADR,E3,0,,190528,,,E3,GrampsBOR_20180601_01
C08,Unkn-09,JUN,RADR,E4,0,,190528,,,E4,GrampsBOR_20180601_02
C09,Unkn-09,JUN,RADR,E4,0,,190528,,,E4,GrampsBOR_20180601_02
C10,Unkn-09,JUN,RADR,E4,0,,190528,,,E4,GrampsBOR_20180601_02
D02,Unkn-10,JUN,RADR,C9,0,,190528,,,C9,KAMM_20180527_01
D03,Unkn-10,JUN,RADR,C9,0,,190528,,,C9,KAMM_20180527_01
D04,Unkn-10,JUN,RADR,C9,0,,190528,,,C9,KAMM_20180527_01
E02,Unkn-13,JUN,RADR,C10,0,,190528,,,C10,KAMM_20180527_02
E03,Unkn-13,JUN,RADR,C10,0,,190528,,,C10,KAMM_20180527_02
E04,Unkn-13,JUN,RADR,C10,0,,190528,,,C10,KAMM_20180527_02
D11,Unkn-26,JUN,RADR,KM A6,0,,190528,,,KM A6,KAMM_20180714_01
E11,Unkn-26,JUN,RADR,KM A6,0,,190528,,,KM A6,KAMM_20180714_01
F11,Unkn-26,JUN,RADR,KM A6,0,,190528,,,KM A6,KAMM_20180714_01
A12,Unkn-27,JUN,RADR,KM A7,0,,190528,,,KM A7,KAMM_20180714_02
G11,Unkn-27,JUN,RADR,KM A7,0,,190528,,,KM A7,KAMM_20180714_02
H11,Unkn-27,JUN,RADR,KM A7,0,,190528,,,KM A7,KAMM_20180714_02
B05,Unkn-05,JUN,RADR,D5,0,,190528,,,D5,NegCtrl_20180527_01
B06,Unkn-05,JUN,RADR,D5,0,,190528,,,D5,NegCtrl_20180527_01
B07,Unkn-05,JUN,RADR,D5,0,,190528,,,D5,NegCtrl_20180527_01
C05,Unkn-08,JUN,RADR,D6,0,,190528,,,D6,NegCtrl_20180527_02
C06,Unkn-08,JUN,RADR,D6,0,,190528,,,D6,NegCtrl_20180527_02
C07,Unkn-08,JUN,RADR,D6,0,,190528,,,D6,NegCtrl_20180527_02
D08,Unkn-12,JUN,RADR,E5,0,,190528,,,E5,NegCtrl_20180601_01
D09,Unkn-12,JUN,RADR,E5,0,,190528,,,E5,NegCtrl_20180601_01
D10,Unkn-12,JUN,RADR,E5,0,,190528,,,E5,NegCtrl_20180601_01
H02,Unkn-22,JUN,RADR,D3,0,,190528,,,D3,NorthGCP_20180527_01
H03,Unkn-22,JUN,RADR,D3,0,,190528,,,D3,NorthGCP_20180527_01
H04,Unkn-22,JUN,RADR,D3,0,,190528,,,D3,NorthGCP_20180527_01
A05,Unkn-02,JUN,RADR,D4,0,,190528,,,D4,NorthGCP_20180527_02
A06,Unkn-02,JUN,RADR,D4,0,,190528,,,D4,NorthGCP_20180527_02
A07,Unkn-02,JUN,RADR,D4,0,,190528,,,D4,NorthGCP_20180527_02
F05,Unkn-17,JUN,RADR,D9,0,,190528,,,D9,PPKBOR_20180601_01
F06,Unkn-17,JUN,RADR,D9,0,,190528,,,D9,PPKBOR_20180601_01
F07,Unkn-17,JUN,RADR,D9,0,,190528,,,D9,PPKBOR_20180601_01
G05,Unkn-20,JUN,RADR,D10,0,,190528,,,D10,PPKBOR_20180601_02
G06,Unkn-20,JUN,RADR,D10,0,,190528,,,D10,PPKBOR_20180601_02
G07,Unkn-20,JUN,RADR,D10,0,,190528,,,D10,PPKBOR_20180601_02
E08,Unkn-15,JUN,RADR,PPK A1,0,,190528,,,PPK A1,PPKBOR_20180714_01
E09,Unkn-15,JUN,RADR,PPK A1,0,,190528,,,PPK A1,PPKBOR_20180714_01
E10,Unkn-15,JUN,RADR,PPK A1,0,,190528,,,PPK A1,PPKBOR_20180714_01
F08,Unkn-18,JUN,RADR,PPK A2,0,,190528,,,PPK A2,PPKBOR_20180714_02
F09,Unkn-18,JUN,RADR,PPK A2,0,,190528,,,PPK A2,PPKBOR_20180714_02
F10,Unkn-18,JUN,RADR,PPK A2,0,,190528,,,PPK A2,PPKBOR_20180714_02
G08,Unkn-21,JUN,RADR,PPK A3,0,,190528,,,PPK A3,PPKBOR_20180714_03
G09,Unkn-21,JUN,RADR,PPK A3,0,,190528,,,PPK A3,PPKBOR_20180714_03
G10,Unkn-21,JUN,RADR,PPK A3,0,,190528,,,PPK A3,PPKBOR_20180714_03
B02,Unkn-04,JUN,RADR,C7,0,,190528,,,C7,RonJRGCP_20180527_01
B03,Unkn-04,JUN,RADR,C7,0,,190528,,,C7,RonJRGCP_20180527_01
B04,Unkn-04,JUN,RADR,C7,0,,190528,,,C7,RonJRGCP_20180527_01
C02,Unkn-07,JUN,RADR,C8,0,,190528,,,C8,RonJRGCP_20180527_02
C03,Unkn-07,JUN,RADR,C8,0,,190528,,,C8,RonJRGCP_20180527_02
C04,Unkn-07,JUN,RADR,C8,0,,190528,,,C8,RonJRGCP_20180527_02
H05,Unkn-23,JUN,RADR,E1,0,,190528,,,E1,UCTBOR_20180601_01
H06,Unkn-23,JUN,RADR,E1,0,,190528,,,E1,UCTBOR_20180601_01
H07,Unkn-23,JUN,RADR,E1,0,,190528,,,E1,UCTBOR_20180601_01
A08,Unkn-03,JUN,RADR,E2,0,,190528,,,E2,UCTBOR_20180601_02
A09,Unkn-03,JUN,RADR,E2,0,,190528,,,E2,UCTBOR_20180601_02
A10,Unkn-03,JUN,RADR,E2,0,,190528,,,E2,UCTBOR_20180601_02
H08,Unkn-24,JUN,RADR,UCT A4,0,,190528,,,UCT A4,UCTBOR_20180714_01
H09,Unkn-24,JUN,RADR,UCT A4,0,,190528,,,UCT A4,UCTBOR_20180714_01
H10,Unkn-24,JUN,RADR,UCT A4,0,,190528,,,UCT A4,UCTBOR_20180714_01
A11,Unkn-25,JUN,RADR,UCT A5,0,,190528,,,UCT A5,UCTBOR_20180714_02
B11,Unkn-25,JUN,RADR,UCT A5,0,,190528,,,UCT A5,UCTBOR_20180714_02
C11,Unkn-25,JUN,RADR,UCT A5,0,,190528,,,UCT A5,UCTBOR_20180714_02
B12,Unkn-28,JUN,RADR,Wash A8,0,,190528,1,,Wash A8,WashGCP_20180714_01
C12,Unkn-28,JUN,RADR,Wash A8,0,,190528,1,,Wash A8,WashGCP_20180714_01
D12,Unkn-28,JUN,RADR,Wash A8,0,,190528,1,,Wash A8,WashGCP_20180714_01
E12,Unkn-29,JUN,RADR,Wash A9,0,,190528,1,,Wash A9,WashGCP_20180714_02
F12,Unkn-29,JUN,RADR,Wash A9,0,,190528,1,,Wash A9,WashGCP_20180714_02
G12,Unkn-29,JUN,RADR,Wash A9,0,,190528,1,,Wash A9,WashGCP_20180714_02
F02,Unkn-16,JUN,RADR,D1,0,,190528,1,,D1,WDMLGCP_20180527_01
F03,Unkn-16,JUN,RADR,D1,0,,190528,1,,D1,WDMLGCP_20180527_01
F04,Unkn-16,JUN,RADR,D1,0,,190528,1,,D1,WDMLGCP_20180527_01
G02,Unkn-19,JUN,RADR,D2,0,,190528,,,D2,WDMLGCP_20180527_02
G03,Unkn-19,JUN,RADR,D2,0,,190528,,,D2,WDMLGCP_20180527_02
G04,Unkn-19,JUN,RADR,D2,0,,190528,,,D2,WDMLGCP_20180527_02
A02,Unkn-01,JUN,RADR,MJS_090718,0,,190528,,,MJS_090718,ExtrNeg_20180907_01
A03,Unkn-01,JUN,RADR,MJS_090718,0,,190528,,,MJS_090718,ExtrNeg_20180907_01
A04,Unkn-01,JUN,RADR,MJS_090718,0,,190528,,,MJS_090718,ExtrNeg_20180907_01
H12,NTC,JUN,RADR,PCR NEG,0,,190528,,,PCR NEG,PCRNeg_2018XXXX_01
H08,Unkn-24,FAM,AMCA3,BG D3,0,,190607B,,,BG D3,BassGCP_20180717_01
H09,Unkn-24,FAM,AMCA3,BG D3,0,,190607B,,,BG D3,BassGCP_20180717_01
H10,Unkn-24,FAM,AMCA3,BG D3,0,,190607B,,,BG D3,BassGCP_20180717_01
A11,Unkn-25,FAM,AMCA3,BG D4,0,,190607B,,,BG D4,BassGCP_20180717_02
B11,Unkn-25,FAM,AMCA3,BG D4,0,,190607B,,,BG D4,BassGCP_20180717_02
C11,Unkn-25,FAM,AMCA3,BG D4,0,,190607B,,,BG D4,BassGCP_20180717_02
D08,Unkn-20,FAM,AMCA3,CA C9z,0,,190607B,,,CA C9,CA-MANZA_20180715_01
D09,Unkn-20,FAM,AMCA3,CA C9z,0,,190607B,,,CA C9,CA-MANZA_20180715_01
D10,Unkn-20,FAM,AMCA3,CA C9z,0,,190607B,,,CA C9,CA-MANZA_20180715_01
E08,Unkn-21,FAM,AMCA3,CA C10z,0,,190607B,,,CA C10,CA-MANZA_20180715_02
E09,Unkn-21,FAM,AMCA3,CA C10z,0,,190607B,,,CA C10,CA-MANZA_20180715_02
E10,Unkn-21,FAM,AMCA3,CA C10z,0,,190607B,,,CA C10,CA-MANZA_20180715_02
B12,Unkn-28,FAM,AMCA3,Pig D7,0,,190607B,,,Pig D7,CA-Pig_20180717_01
C12,Unkn-28,FAM,AMCA3,Pig D7,0,,190607B,,,Pig D7,CA-Pig_20180717_01
D12,Unkn-28,FAM,AMCA3,Pig D7,0,,190607B,,,Pig D7,CA-Pig_20180717_01
E12,Unkn-29,FAM,AMCA3,Pig D8,0,,190607B,,,Pig D8,CA-Pig_20180717_02
F12,Unkn-29,FAM,AMCA3,Pig D8,0,,190607B,,,Pig D8,CA-Pig_20180717_02
G12,Unkn-29,FAM,AMCA3,Pig D8,0,,190607B,,,Pig D8,CA-Pig_20180717_02
C02,Unkn-03,FAM,AMCA3,Cab B2,0,,190607B,,,Cab B2,CabinBOR_20180714_01
C03,Unkn-03,FAM,AMCA3,Cab B2,0,,190607B,,,Cab B2,CabinBOR_20180714_01
C04,Unkn-03,FAM,AMCA3,Cab B2,0,,190607B,,,Cab B2,CabinBOR_20180714_01
D02,Unkn-04,FAM,AMCA3,Cab B3,0,,190607B,,,Cab B3,CabinBOR_20180714_02
D03,Unkn-04,FAM,AMCA3,Cab B3,0,,190607B,,,Cab B3,CabinBOR_20180714_02
D04,Unkn-04,FAM,AMCA3,Cab B3,0,,190607B,,,Cab B3,CabinBOR_20180714_02
D11,Unkn-26,FAM,AMCA3,EG D5,0,,190607B,,,EG D5,EagleGCP_20180717_01
E11,Unkn-26,FAM,AMCA3,EG D5,0,,190607B,,,EG D5,EagleGCP_20180717_01
F11,Unkn-26,FAM,AMCA3,EG D5,0,,190607B,,,EG D5,EagleGCP_20180717_01
A12,Unkn-27,FAM,AMCA3,EG D6z,0,,190607B,,,EG D6,EagleGCP_20180717_02
G11,Unkn-27,FAM,AMCA3,EG D6z,0,,190607B,,,EG D6,EagleGCP_20180717_02
H11,Unkn-27,FAM,AMCA3,EG D6z,0,,190607B,,,EG D6,EagleGCP_20180717_02
B08,Unkn-18,FAM,AMCA3,GG C7,0,,190607B,,,GG C7,GlorGCP_20180715_01
B09,Unkn-18,FAM,AMCA3,GG C7,0,,190607B,,,GG C7,GlorGCP_20180715_01
B10,Unkn-18,FAM,AMCA3,GG C7,0,,190607B,,,GG C7,GlorGCP_20180715_01
C08,Unkn-19,FAM,AMCA3,GG C8,0,,190607B,,,GG C8,GlorGCP_20180715_02
C09,Unkn-19,FAM,AMCA3,GG C8,0,,190607B,,,GG C8,GlorGCP_20180715_02
C10,Unkn-19,FAM,AMCA3,GG C8,0,,190607B,,,GG C8,GlorGCP_20180715_02
E02,Unkn-05,FAM,AMCA3,Gram B4,0,,190607B,,,Gram B4,GrampsBOR_20180714_01
E03,Unkn-05,FAM,AMCA3,Gram B4,0.014710245,37.81196204,190607B,,,Gram B4,GrampsBOR_20180714_01
E04,Unkn-05,FAM,AMCA3,Gram B4,0,,190607B,,,Gram B4,GrampsBOR_20180714_01
F02,Unkn-06,FAM,AMCA3,Gram B5,0.090860897,35.01040086,190607B,,,Gram B5,GrampsBOR_20180714_02
F03,Unkn-06,FAM,AMCA3,Gram B5,0,,190607B,,,Gram B5,GrampsBOR_20180714_02
F04,Unkn-06,FAM,AMCA3,Gram B5,0.100045292,34.86223871,190607B,,,Gram B5,GrampsBOR_20180714_02
G02,Unkn-07,FAM,AMCA3,Neg B6,0,,190607B,,,Neg B6,NegCtrl_20180714_01
G03,Unkn-07,FAM,AMCA3,Neg B6,0,,190607B,,,Neg B6,NegCtrl_20180714_01
G04,Unkn-07,FAM,AMCA3,Neg B6,0,,190607B,,,Neg B6,NegCtrl_20180714_01
A08,Unkn-17,FAM,AMCA3,Neg C6,0,,190607B,,,Neg C6,NegCtrl_20180715_01
A09,Unkn-17,FAM,AMCA3,Neg C6,0,,190607B,,,Neg C6,NegCtrl_20180715_01
A10,Unkn-17,FAM,AMCA3,Neg C6,0,,190607B,,,Neg C6,NegCtrl_20180715_01
B05,Unkn-10,FAM,AMCA3,NG B9,1.028312853,31.27709245,190607B,,,NG B9,NorthGCP_20180715_01
B06,Unkn-10,FAM,AMCA3,NG B9,1.885863061,30.34395018,190607B,,,NG B9,NorthGCP_20180715_01
B07,Unkn-10,FAM,AMCA3,NG B9,4.332528061,29.06414962,190607B,,,NG B9,NorthGCP_20180715_01
C05,Unkn-11,FAM,AMCA3,NG B10,0.371781169,32.84247304,190607B,,,NG B10,NorthGCP_20180715_02
C06,Unkn-11,FAM,AMCA3,NG B10,0.455958489,32.52843913,190607B,,,NG B10,NorthGCP_20180715_02
C07,Unkn-11,FAM,AMCA3,NG B10,0.530282557,32.29608955,190607B,,,NG B10,NorthGCP_20180715_02
F05,Unkn-14,FAM,AMCA3,RG C3z,0,,190607B,,,RG C3,RLSNKGCP_20180715_01
F06,Unkn-14,FAM,AMCA3,RG C3z,0,,190607B,,,RG C3,RLSNKGCP_20180715_01
F07,Unkn-14,FAM,AMCA3,RG C3z,0,,190607B,,,RG C3,RLSNKGCP_20180715_01
G05,Unkn-15,FAM,AMCA3,RG C4z,0,,190607B,1,,RG C4,RLSNKGCP_20180715_02
G06,Unkn-15,FAM,AMCA3,RG C4z,0,,190607B,1,,RG C4,RLSNKGCP_20180715_02
G07,Unkn-15,FAM,AMCA3,RG C4z,0,,190607B,1,,RG C4,RLSNKGCP_20180715_02
G08,Unkn-23,FAM,AMCA3,Ron D2z,0,,190607B,1,,Ron D2,RonJRGCP_20180716_02
G09,Unkn-23,FAM,AMCA3,Ron D2z,0,,190607B,1,,Ron D2,RonJRGCP_20180716_02
G10,Unkn-23,FAM,AMCA3,Ron D2z,0,,190607B,1,,Ron D2,RonJRGCP_20180716_02
D05,Unkn-12,FAM,AMCA3,SG C1,0,,190607B,,,SG C1,ShptlGCP_20180715_01
D06,Unkn-12,FAM,AMCA3,SG C1,0,,190607B,,,SG C1,ShptlGCP_20180715_01
D07,Unkn-12,FAM,AMCA3,SG C1,0,,190607B,,,SG C1,ShptlGCP_20180715_01
E05,Unkn-13,FAM,AMCA3,SG C2,0,,190607B,,,SG C2,ShptlGCP_20180715_02
E06,Unkn-13,FAM,AMCA3,SG C2,0,,190607B,,,SG C2,ShptlGCP_20180715_02
E07,Unkn-13,FAM,AMCA3,SG C2,0,,190607B,,,SG C2,ShptlGCP_20180715_02
A02,Unkn-01,FAM,AMCA3,WDM A10,0,,190607B,,,WDM A10,WDMLGCP_20180714_01
A03,Unkn-01,FAM,AMCA3,WDM A10,0,,190607B,,,WDM A10,WDMLGCP_20180714_01
A04,Unkn-01,FAM,AMCA3,WDM A10,0,,190607B,,,WDM A10,WDMLGCP_20180714_01
B02,Unkn-02,FAM,AMCA3,WDM B1z,0,,190607B,,,WDM B1,WDMLGCP_20180714_02
B03,Unkn-02,FAM,AMCA3,WDM B1z,0,,190607B,,,WDM B1,WDMLGCP_20180714_02
B04,Unkn-02,FAM,AMCA3,WDM B1z,0,,190607B,,,WDM B1,WDMLGCP_20180714_02
H02,Unkn-08,FAM,AMCA3,YB B7,0,,190607B,,,YB B7,YBBA_20180715_01
H03,Unkn-08,FAM,AMCA3,YB B7,0,,190607B,,,YB B7,YBBA_20180715_01
H04,Unkn-08,FAM,AMCA3,YB B7,0,,190607B,,,YB B7,YBBA_20180715_01
A05,Unkn-09,FAM,AMCA3,YB B8,0,,190607B,,,YB B8,YBBA_20180715_02
A06,Unkn-09,FAM,AMCA3,YB B8,0,,190607B,,,YB B8,YBBA_20180715_02
A07,Unkn-09,FAM,AMCA3,YB B8,0,,190607B,,,YB B8,YBBA_20180715_02
H05,Unkn-16,FAM,AMCA3,Neg C5,0,,190607B,,,Neg C5,NtalkGCP_20180715_01
H06,Unkn-16,FAM,AMCA3,Neg C5,0,,190607B,,,Neg C5,NtalkGCP_20180715_01
H07,Unkn-16,FAM,AMCA3,Neg C5,0,,190607B,,,Neg C5,NtalkGCP_20180715_01
H12,NTC,FAM,AMCA3,PCR NEG,0,,190607B,,,PCR NEG,PCRNeg_2018XXXX_01