#OTU ID,BassGCP-20180527-01-nc.blast,BassGCP-20180527-02-nc.blast,BassGCP-20180717-01-nc.blast,BassGCP-20180717-02-nc.blast,CA-EDWD-20180527-01-nc.blast,CA-MANZA-20180527-01-nc.blast,CA-MANZA-20180527-02-nc.blast,CA-MANZA-20180715-01-PCR01-nc.blast,CA-MANZA-20180715-01-PCR02-nc.blast,CA-MANZA-20180715-01-PCR03-nc.blast,CA-MANZA-20180715-01-nc.blast,CA-MANZA-20180715-02-PCR01-nc.blast,CA-MANZA-20180715-02-PCR02-nc.blast,CA-MANZA-20180715-02-PCR03-nc.blast,CA-MANZA-20180715-02-nc.blast,CA-Pig-20180717-01-nc.blast,CA-Pig-20180717-02-nc.blast,Ca-Pig-20180527-01-nc.blast,Ca-Pig-20180527-02-nc.blast,CabinBOR-20180530-01-nc.blast,CabinBOR-20180530-02-nc.blast,CabinBOR-20180714-01-nc.blast,CabinBOR-20180714-02-nc.blast,EN-MES-072018-nc.blast,EN-MES-072518-nc.blast,EN-MJS-090718-nc.blast,EagleGCP-20180527-01-nc.blast,EagleGCP-20180527-02-nc.blast,EagleGCP-20180717-01-PCR01-nc.blast,EagleGCP-20180717-01-PCR02-nc.blast,EagleGCP-20180717-01-PCR03-nc.blast,EagleGCP-20180717-01-nc.blast,EagleGCP-20180717-02-PCR01-nc.blast,EagleGCP-20180717-02-PCR02-nc.blast,EagleGCP-20180717-02-PCR03-nc.blast,EagleGCP-20180717-02-nc.blast,GlorGCP-20180527-01-nc.blast,GlorGCP-20180527-02-nc.blast,GlorGCP-20180715-01-nc.blast,GlorGCP-20180715-02-nc.blast,GrampsBOR-20180601-01-nc.blast,GrampsBOR-20180601-02-nc.blast,GrampsBOR-20180714-01-PCR01-nc.blast,GrampsBOR-20180714-01-PCR02-nc.blast,GrampsBOR-20180714-01-PCR03-nc.blast,GrampsBOR-20180714-01-nc.blast,GrampsBOR-20180714-02-PCR01-nc.blast,GrampsBOR-20180714-02-PCR02-nc.blast,GrampsBOR-20180714-02-PCR03-nc.blast,GrampsBOR-20180714-02-nc.blast,HeronGCP-20180527-01-nc.blast,HeronGCP-20180527-02-nc.blast,HeronGCP-20180717-01-nc.blast,HeronGCP-20180717-02-nc.blast,KAMM-20180527-01-nc.blast,KAMM-20180527-02-nc.blast,KAMM-20180714-01-nc.blast,KAMM-20180714-02-nc.blast,NegCtrl-20180525-03-nc.blast,NegCtrl-20180527-01-nc.blast,NegCtrl-20180527-02-nc.blast,NegCtrl-20180601-01-nc.blast,NegCtrl-20180714-01-nc.blast,NegCtrl-20180715-01-nc.blast,NegCtrl-20180717-01-nc.blast,NorthGCP-20180527-01-nc.blast,NorthGCP-20180527-02-nc.blast,NorthGCP-20180715-01-nc.blast,NorthGCP-20180715-02-nc.blast,NtalkGCP-20180527-01-nc.blast,NtalkGCP-20180527-02-nc.blast,NtalkGCP-20180715-01-nc.blast,PPKBOR-20180601-01-nc.blast,PPKBOR-20180601-02-nc.blast,PPKBOR-20180714-01-nc.blast,PPKBOR-20180714-02-nc.blast,PPKBOR-20180714-03-nc.blast,Plate01-PCR-Negative-PCR01-nc.blast,Plate01-PCR-Negative-PCR02-nc.blast,Plate01-PCR-Negative-PCR03-nc.blast,Plate01-PCR-Positive-PCR01-nc.blast,Plate01-PCR-Positive-PCR02-nc.blast,Plate01-PCR-Positive-PCR03-nc.blast,Plate04-PCR-Negative-nc.blast,Plate04-PCR-Positive-nc.blast,Plate05-PCR-Positive-nc.blast,Plate06-PCR-Negative-nc.blast,Plate06-PCR-Positive-nc.blast,Plate07-PCR-Negative-nc.blast,Plate07-PCR-Positive-nc.blast,Plate08-PCR-Positive-nc.blast,RLSNKGCP-20180527-01-nc.blast,RLSNKGCP-20180527-02-nc.blast,RLSNKGCP-20180715-01-nc.blast,RLSNKGCP-20180715-02-nc.blast,RonJRGCP-20180527-01-nc.blast,RonJRGCP-20180527-02-nc.blast,RonJRGCP-20180716-01-PCR01-nc.blast,RonJRGCP-20180716-01-PCR02-nc.blast,RonJRGCP-20180716-01-PCR03-nc.blast,RonJRGCP-20180716-01-nc.blast,RonJRGCP-20180716-02-PCR01-nc.blast,RonJRGCP-20180716-02-PCR02-nc.blast,RonJRGCP-20180716-02-PCR03-nc.blast,RonJRGCP-20180716-02-nc.blast,ShptlGCP-20180527-01-nc.blast,ShptlGCP-20180527-02-nc.blast,ShptlGCP-20180527-03-nc.blast,ShptlGCP-20180715-01-PCR01-nc.blast,ShptlGCP-20180715-01-PCR02-nc.blast,ShptlGCP-20180715-01-PCR03-nc.blast,ShptlGCP-20180715-01-nc.blast,ShptlGCP-20180715-02-PCR01-nc.blast,ShptlGCP-20180715-02-PCR02-nc.blast,ShptlGCP-20180715-02-PCR03-nc.blast,ShptlGCP-20180715-02-nc.blast,UCTBOR-20180601-01-nc.blast,UCTBOR-20180601-02-nc.blast,UCTBOR-20180714-01-nc.blast,UCTBOR-20180714-02-nc.blast,WDMLGCP-20180527-01-nc.blast,WDMLGCP-20180527-02-nc.blast,WDMLGCP-20180714-01-nc.blast,WDMLGCP-20180714-02-nc.blast,WashGCP-20180525-01-nc.blast,WashGCP-20180525-02-nc.blast,WashGCP-20180714-01-nc.blast,WashGCP-20180714-02-nc.blast,YBBA-20180527-01-nc.blast,YBBA-20180527-02-nc.blast,YBBA-20180715-01-nc.blast,YBBA-20180715-02-nc.blast,taxomomy
s__Lepomis_gibbosus,14100,0,11580,16991,0,0,0,0,0,0,0,0,0,0,0,0,0,0,0,0,90,0,0,0,0,0,0,0,0,0,0,0,0,0,0,0,0,0,0,0,0,0,0,0,0,0,0,0,0,0,0,0,0,0,0,0,0,0,0,0,0,0,0,0,0,0,0,0,0,0,0,0,0,0,0,0,0,0,0,0,0,0,0,0,0,0,0,0,0,0,0,0,0,0,0,0,0,0,0,0,0,0,0,0,0,0,0,0,0,0,0,0,0,0,0,0,0,0,0,0,0,0,0,0,0,0,0,0,0,0,0,0,"['sk__Eukaryota', 'k__Metazoa', 'p__Chordata', 'c__Actinopteri', 'o__Centrarchiformes', 'f__Centrarchidae', 'g__Lepomis', 's__Lepomis_gibbosus']"
s__Micropterus_salmoides,28919,0,17703,25697,0,0,0,0,0,0,0,0,0,0,0,0,0,0,0,0,164,0,0,0,0,0,0,0,0,0,0,0,0,0,0,0,0,0,0,0,0,0,0,0,0,0,0,0,0,0,0,0,0,0,0,0,0,0,0,0,0,0,0,0,0,0,0,0,0,0,0,0,0,0,0,0,0,0,0,0,0,0,0,0,0,0,0,0,0,0,0,0,0,0,0,0,0,0,0,0,0,0,0,0,0,0,0,0,0,0,0,0,0,0,0,0,0,0,0,0,0,0,0,0,0,0,0,0,0,0,0,0,"['sk__Eukaryota', 'k__Metazoa', 'p__Chordata', 'c__Actinopteri', 'o__Centrarchiformes', 'f__Centrarchidae', 'g__Micropterus', 's__Micropterus_salmoides']"
s__Notemigonus_crysoleucas,9637,0,12138,14027,0,0,0,0,0,0,0,0,0,0,0,0,0,0,0,0,59,0,0,0,0,0,0,0,0,0,0,0,0,0,0,0,0,0,0,0,0,0,0,0,0,0,0,0,0,0,0,0,0,0,0,0,0,0,0,0,0,0,0,0,0,0,0,0,0,0,0,0,0,0,0,0,0,0,0,0,0,0,0,0,0,0,0,0,0,0,0,0,0,0,0,0,0,0,0,0,0,0,0,0,0,0,0,0,0,0,0,0,0,0,0,0,0,0,0,0,0,0,0,0,0,0,0,0,0,0,0,0,"['sk__Eukaryota', 'k__Metazoa', 'p__Chordata', 'c__Actinopteri', 'o__Cypriniformes', 'f__Cyprinidae', 'g__Notemigonus', 's__Notemigonus_crysoleucas']"
s__Gambusia_affinis,10632,0,3339,5065,0,0,0,0,0,0,0,0,0,0,0,0,0,0,0,0,61,0,0,0,0,0,0,0,0,0,0,0,0,0,0,0,0,0,0,0,0,0,0,0,0,0,0,0,0,0,0,0,0,0,0,0,0,0,0,0,0,0,0,0,0,0,0,0,0,0,0,0,0,0,0,0,0,0,0,0,0,0,0,0,0,0,0,0,0,0,0,0,0,0,0,0,0,0,0,0,0,0,0,0,0,0,0,0,0,0,0,0,0,0,0,0,0,0,0,0,0,0,0,0,0,0,0,0,0,0,0,0,"['sk__Eukaryota', 'k__Metazoa', 'p__Chordata', 'c__Actinopteri', 'o__Cyprinodontiformes', 'f__Poeciliidae', 'g__Gambusia', 's__Gambusia_affinis']"
s__Anaxyrus_boreas,0,0,0,0,0,778,3683,48,131,465,1405,0,598,2128,2650,0,0,315,471,0,0,0,0,0,0,0,1002,747,0,0,0,0,0,0,0,0,6723,11326,0,0,0,0,0,0,0,0,0,0,0,0,789,639,0,0,0,0,0,0,0,0,0,0,0,0,0,12033,2454,686,5,24161,8834,0,0,0,0,0,0,0,0,0,0,0,0,0,0,0,0,0,0,0,0,5298,1940,0,0,0,1292,0,0,0,0,0,0,0,0,4250,3025,4892,0,0,0,0,0,0,0,0,6010,5376,0,0,0,0,0,0,0,0,0,0,6495,30535,261,751,"['sk__Eukaryota', 'k__Metazoa', 'p__Chordata', 'c__Amphibia', 'o__Anura', 'f__Bufonidae', 'g__Anaxyrus', 's__Anaxyrus_boreas']"
s__Pseudacris_regilla,0,0,0,0,0,57,334,34,9,4,13,39,52,27,51,0,10,1540,464,0,0,7,8,0,0,0,24,3,0,0,0,5,0,0,0,0,4,117,0,0,137,87,0,0,0,0,0,0,0,0,252,0,0,0,0,0,0,0,0,0,0,0,0,0,0,296,25,7,24,12,0,0,3794,3613,0,3,0,0,0,0,0,0,0,0,0,0,0,0,0,0,0,0,3,0,0,6,841,0,0,0,0,0,0,0,0,869,562,296,0,0,0,0,0,0,0,0,498,574,104,4,0,0,0,0,7,0,0,0,322,1026,6,11,"['sk__Eukaryota', 'k__Metazoa', 'p__Chordata', 'c__Amphibia', 'o__Anura', 'f__Hylidae', 'g__Pseudacris', 's__Pseudacris_regilla']"
s__Rana_catesbeiana,0,0,1945,10113,0,595,5867,10195,7529,6297,19033,3,21556,2884,8803,0,0,0,0,3401,1778,4886,5372,0,0,0,0,0,0,3,0,0,0,0,4,0,0,0,0,0,5412,4759,10806,5197,6031,11753,47582,36743,33767,56391,0,0,0,0,2967,0,21958,15202,0,0,0,0,0,0,0,0,0,0,0,0,0,0,0,0,0,0,0,0,0,0,0,0,0,0,0,0,0,0,0,0,0,0,0,0,0,0,5329,9127,58938,74190,88667,96308,70420,71361,31681,0,0,0,0,0,0,0,0,0,0,0,0,0,0,0,0,0,0,0,1625,0,4572,5666,0,0,0,0,"['sk__Eukaryota', 'k__Metazoa', 'p__Chordata', 'c__Amphibia', 'o__Anura', 'f__Ranidae', 'g__Rana_<genus>', 's__Rana_catesbeiana']"
s__Rana_draytonii,0,0,0,0,0,1124,5616,16597,15915,14702,31997,19790,18222,4290,22295,0,0,0,0,2781,4990,41904,62944,0,0,0,2100,1703,14052,14601,7179,12479,12399,9825,8136,9093,0,480,0,0,0,0,0,0,0,0,0,0,0,0,0,0,0,0,0,0,0,0,0,0,0,0,0,0,0,0,0,0,0,0,0,0,0,0,0,0,0,0,0,0,0,0,0,0,0,0,0,0,0,0,0,396,1385,7298,10376,0,0,1650,6327,9418,6757,9967,6327,6621,3953,0,0,0,0,0,0,0,0,0,0,0,0,0,0,0,0,0,0,0,0,0,0,0,0,147,37629,15269,"['sk__Eukaryota', 'k__Metazoa', 'p__Chordata', 'c__Amphibia', 'o__Anura', 'f__Ranidae', 'g__Rana_<genus>', 's__Rana_draytonii']"
s__Ambystoma_californiense,0,0,0,0,0,0,0,0,0,0,0,0,0,0,0,0,0,0,0,0,0,0,0,0,0,0,0,0,0,0,0,0,0,0,0,0,0,0,0,0,0,0,0,0,0,289,0,924,2432,0,3489,1533,5727,6002,0,0,0,0,0,0,0,0,0,0,0,144,0,0,378,0,0,0,2599,2643,694,6553,301,0,0,0,0,0,0,0,0,0,0,0,0,0,0,0,0,0,0,0,1168,0,0,0,0,0,0,30,0,0,0,0,0,0,0,0,0,0,0,0,0,0,0,0,0,0,0,0,15968,7533,0,0,0,0,0,0,"['sk__Eukaryota', 'k__Metazoa', 'p__Chordata', 'c__Amphibia', 'o__Caudata', 'f__Ambystomatidae', 'g__Ambystoma', 's__Ambystoma_californiense']"
s__Taricha_granulosa,0,0,0,0,0,24,4,4,0,6,38,13,8,4,0,54,12,10,0,0,0,0,0,0,0,0,3,0,0,0,0,0,0,0,0,0,0,0,0,0,0,0,0,0,0,0,0,0,0,0,0,0,0,0,0,0,3,38,0,0,0,0,0,0,0,0,0,0,0,0,0,0,0,0,0,0,0,0,0,0,0,0,0,0,0,0,0,0,0,0,0,0,3,0,6,0,0,0,0,0,0,0,0,0,0,6,4,11,8,0,6,0,7,6,8,13,0,0,0,0,0,0,0,0,0,0,0,0,0,0,0,0,"['sk__Eukaryota', 'k__Metazoa', 'p__Chordata', 'c__Amphibia', 'o__Caudata', 'f__Salamandridae', 'g__Taricha', 's__Taricha_granulosa']"
s__Aix_sponsa,0,0,0,0,0,114,843,0,0,0,0,0,0,0,0,0,0,0,0,0,0,0,0,0,0,0,0,0,0,0,0,0,0,0,0,0,786,0,0,0,0,0,0,0,0,0,0,0,0,0,0,0,0,0,0,0,0,0,0,0,0,0,0,0,0,0,0,0,0,0,0,0,0,0,0,0,0,0,0,0,0,0,0,0,0,0,0,0,0,0,0,0,0,0,0,0,0,0,0,0,0,0,0,0,0,0,0,0,0,0,0,0,0,0,0,0,0,0,0,0,0,0,0,0,0,0,0,0,0,0,0,0,"['sk__Eukaryota', 'k__Metazoa', 'p__Chordata', 'c__Aves', 'o__Anseriformes', 'f__Anatidae', 'g__Aix', 's__Aix_sponsa']"
s__Anas_carolinensis,0,0,0,0,0,0,0,0,0,0,0,0,0,0,0,0,0,0,0,0,0,0,0,0,0,0,0,0,0,0,0,0,0,0,0,0,0,0,0,0,0,0,0,0,0,0,0,0,0,0,0,0,0,0,0,0,0,0,0,0,0,0,0,0,0,0,0,0,0,0,0,0,0,0,0,0,0,0,0,0,0,0,0,0,0,0,0,0,0,0,0,0,0,0,0,0,3,0,0,0,0,0,0,0,0,0,0,0,0,0,0,0,0,0,0,0,0,0,0,0,0,0,0,0,0,0,0,0,0,11,0,0,"['sk__Eukaryota', 'k__Metazoa', 'p__Chordata', 'c__Aves', 'o__Anseriformes', 'f__Anatidae', 'g__Anas', 's__Anas_carolinensis']"
s__Mareca_americana,0,0,0,0,0,0,82,0,0,0,0,0,0,0,0,0,0,0,0,0,0,0,0,0,0,0,126,8,0,0,0,0,0,0,0,0,0,0,0,0,0,0,0,0,0,0,0,0,0,0,3487,5770,0,0,0,0,0,0,0,0,0,0,0,0,0,0,0,0,0,0,0,0,0,0,0,0,0,0,0,0,0,0,0,0,0,0,0,0,0,0,0,0,0,0,1126,0,5,0,175,705,0,0,0,0,0,0,0,0,0,0,0,0,0,0,0,0,0,0,0,0,0,0,0,0,0,0,0,0,0,19,4,3,"['sk__Eukaryota', 'k__Metazoa', 'p__Chordata', 'c__Aves', 'o__Anseriformes', 'f__Anatidae', 'g__Mareca', 's__Mareca_americana']"
s__Mergus_merganser,0,0,0,0,0,0,0,0,0,0,0,0,0,0,0,0,0,0,0,0,0,0,0,0,0,0,0,12,0,0,0,0,0,0,0,0,0,0,0,0,0,0,0,0,0,0,0,0,0,0,0,0,0,0,0,0,0,0,0,0,0,0,0,0,0,0,0,0,0,0,0,0,0,0,0,0,0,0,0,0,0,0,0,0,0,0,0,0,0,0,0,0,0,0,0,0,0,0,0,0,211,0,0,0,0,0,0,0,0,0,0,0,0,0,0,0,0,0,0,0,0,0,0,0,0,0,0,0,0,29,0,0,"['sk__Eukaryota', 'k__Metazoa', 'p__Chordata', 'c__Aves', 'o__Anseriformes', 'f__Anatidae', 'g__Mergus', 's__Mergus_merganser']"
s__Charadrius_vociferus,0,0,0,0,0,0,0,0,0,0,0,0,0,0,0,0,0,0,0,0,0,0,0,0,0,0,0,819,0,0,0,0,0,0,0,0,0,0,0,0,0,0,0,0,0,0,0,0,0,0,0,0,0,0,0,0,0,0,0,0,0,0,0,0,0,0,0,0,0,0,0,0,0,0,0,0,0,0,0,0,0,0,0,0,0,0,0,0,0,0,0,1849,0,0,0,0,0,0,0,0,0,0,0,0,0,0,0,0,0,0,0,0,0,0,0,0,0,0,0,0,0,0,0,0,0,0,0,0,0,0,0,0,"['sk__Eukaryota', 'k__Metazoa', 'p__Chordata', 'c__Aves', 'o__Charadriiformes', 'f__Charadriidae', 'g__Charadrius', 's__Charadrius_vociferus']"
s__Columba_livia,0,0,0,0,0,0,0,0,0,0,0,0,0,0,0,0,0,0,0,0,0,0,0,0,0,0,0,0,0,0,0,0,0,0,0,0,0,0,0,0,0,0,0,0,0,0,0,0,0,0,0,0,0,0,0,0,0,0,0,0,0,0,0,0,0,0,0,0,2825,0,0,0,0,0,0,0,0,0,0,0,0,0,0,0,0,0,0,0,0,0,0,0,0,0,0,0,0,0,0,0,0,0,0,0,0,0,0,0,0,0,0,0,0,0,0,0,0,0,0,0,0,0,0,380,0,0,0,1850,0,0,0,0,"['sk__Eukaryota', 'k__Metazoa', 'p__Chordata', 'c__Aves', 'o__Columbiformes', 'f__Columbidae', 'g__Columba', 's__Columba_livia']"
s__Patagioenas_fasciata,0,0,0,0,0,0,0,0,0,0,0,0,0,0,0,0,0,0,0,0,0,0,0,0,0,0,0,0,0,0,0,0,0,0,0,0,0,0,0,0,0,0,0,0,0,0,0,0,0,0,0,0,0,0,0,0,0,0,0,0,0,0,0,0,0,0,0,0,0,0,0,0,0,0,0,0,0,0,0,0,0,0,0,0,0,0,0,0,0,0,0,0,0,0,0,0,0,0,0,0,0,0,0,0,0,0,423,0,0,0,0,0,0,0,0,0,0,0,0,0,0,0,0,0,0,0,0,0,0,0,0,0,"['sk__Eukaryota', 'k__Metazoa', 'p__Chordata', 'c__Aves', 'o__Columbiformes', 'f__Columbidae', 'g__Patagioenas', 's__Patagioenas_fasciata']"
s__Callipepla_californica,0,0,0,0,0,0,0,0,0,0,0,0,0,0,0,0,0,0,0,0,0,0,0,0,0,0,0,0,0,0,0,0,0,0,0,0,0,0,0,0,0,0,0,0,0,0,0,0,0,0,0,0,0,0,0,0,0,0,0,0,0,0,0,0,0,0,0,0,0,0,0,0,0,0,0,4714,0,0,0,0,0,0,0,0,0,0,0,0,0,0,0,0,0,0,0,0,0,0,0,0,0,0,0,0,0,0,0,0,0,0,0,0,0,0,0,0,0,0,0,0,0,0,0,0,0,0,0,0,0,0,2112,0,"['sk__Eukaryota', 'k__Metazoa', 'p__Chordata', 'c__Aves', 'o__Galliformes', 'f__Odontophoridae', 'g__Callipepla', 's__Callipepla_californica']"
s__Meleagris_gallopavo,556,0,0,0,0,0,0,0,0,0,0,0,0,0,0,0,0,0,1304,1485,5,0,0,0,0,0,0,0,0,0,0,0,0,0,0,0,0,0,0,0,0,0,0,0,0,0,0,0,0,0,0,0,0,0,0,0,0,0,0,0,0,0,0,0,0,0,0,0,0,0,0,0,0,0,0,0,0,0,0,0,0,0,0,0,0,0,0,0,0,0,0,0,0,0,0,0,0,0,0,0,0,0,0,0,0,0,0,0,0,0,0,0,0,0,0,0,0,0,0,0,0,0,0,0,0,0,0,0,0,0,0,0,"['sk__Eukaryota', 'k__Metazoa', 'p__Chordata', 'c__Aves', 'o__Galliformes', 'f__Phasianidae', 'g__Meleagris', 's__Meleagris_gallopavo']"
s__Fulica_americana,0,0,0,0,0,0,0,0,0,0,0,0,0,0,0,0,0,178,0,736,0,0,0,0,0,0,5361,7174,12060,12617,3935,4556,3684,0,9456,6121,0,0,0,0,0,0,0,0,0,0,0,0,0,0,0,0,0,0,0,0,0,0,0,0,0,0,0,0,0,0,0,0,0,0,0,0,0,0,0,0,0,0,0,0,0,0,0,0,0,0,0,0,0,0,0,0,0,0,0,0,0,0,126,0,0,202,0,0,57,0,0,0,0,0,0,0,0,0,0,0,0,0,0,0,0,0,0,0,0,0,0,0,0,0,0,0,"['sk__Eukaryota', 'k__Metazoa', 'p__Chordata', 'c__Aves', 'o__Gruiformes', 'f__Rallidae', 'g__Fulica', 's__Fulica_americana']"
s__Tachycineta_bicolor,0,0,0,0,0,0,0,0,0,0,0,0,0,0,0,0,0,0,0,0,0,0,0,0,0,0,227,0,0,0,0,0,0,0,0,0,0,0,0,0,0,0,0,0,0,0,0,0,0,0,0,0,0,0,0,0,0,0,0,0,0,0,0,0,0,0,0,0,0,0,0,0,0,0,0,0,0,0,0,0,0,0,0,0,0,0,0,0,0,0,0,0,0,0,0,0,0,0,0,0,0,0,0,0,0,0,0,0,0,0,0,0,0,0,0,0,0,0,0,0,0,0,0,0,0,0,0,0,0,0,0,0,"['sk__Eukaryota', 'k__Metazoa', 'p__Chordata', 'c__Aves', 'o__Passeriformes', 'f__Hirundinidae', 'g__Tachycineta', 's__Tachycineta_bicolor']"
s__Tachycineta_thalassina,0,0,0,0,0,0,0,0,0,0,0,0,0,0,0,0,0,0,0,0,0,0,0,0,0,0,0,0,0,0,0,0,0,0,0,0,0,0,0,0,0,0,0,0,0,0,0,0,0,0,0,0,0,0,0,0,0,0,0,0,0,0,0,0,0,96,0,0,0,0,0,0,0,0,0,0,0,0,0,0,0,0,0,0,0,0,0,0,0,0,0,0,0,0,0,0,0,0,0,0,0,0,0,0,0,0,0,0,0,0,0,0,0,0,0,0,0,0,0,0,0,0,0,0,0,0,0,0,0,0,0,0,"['sk__Eukaryota', 'k__Metazoa', 'p__Chordata', 'c__Aves', 'o__Passeriformes', 'f__Hirundinidae', 'g__Tachycineta', 's__Tachycineta_thalassina']"
s__Geothlypis_tolmiei,0,0,0,0,0,0,0,0,0,0,0,0,0,0,0,0,0,0,0,0,0,0,0,0,0,0,0,0,0,0,0,15,11,7,18,11,0,0,0,0,0,0,0,0,0,0,0,0,0,0,0,0,0,0,0,0,0,0,0,0,0,0,0,0,0,0,0,0,0,0,0,0,0,0,0,0,0,0,0,0,0,0,0,0,0,0,0,0,0,0,0,0,0,0,0,0,0,0,0,0,0,0,0,0,0,0,0,0,0,0,0,0,0,0,0,0,0,0,0,0,0,0,0,0,0,0,0,0,0,0,0,0,"['sk__Eukaryota', 'k__Metazoa', 'p__Chordata', 'c__Aves', 'o__Passeriformes', 'f__Parulidae', 'g__Geothlypis', 's__Geothlypis_tolmiei']"
s__Junco_hyemalis,0,0,0,0,0,0,0,0,0,0,0,0,0,0,0,0,0,0,0,0,0,0,0,0,0,0,0,0,0,0,0,0,0,0,0,0,0,0,0,0,0,0,0,0,0,0,0,0,0,0,0,0,0,0,0,0,0,0,0,0,0,0,0,0,0,0,0,0,0,0,0,0,0,0,0,0,0,0,0,0,0,0,0,0,0,0,0,0,0,0,0,0,0,0,0,0,0,0,0,0,0,0,0,0,0,0,0,0,0,0,0,0,0,0,0,0,0,0,0,0,0,0,0,0,0,0,0,0,0,0,115,484,"['sk__Eukaryota', 'k__Metazoa', 'p__Chordata', 'c__Aves', 'o__Passeriformes', 'f__Passerellidae', 'g__Junco', 's__Junco_hyemalis']"
s__Melospiza_melodia,0,0,0,0,0,0,0,0,0,0,0,0,0,0,0,0,0,0,0,0,0,0,0,0,0,0,0,0,0,0,0,0,0,0,0,0,0,0,0,0,0,0,0,0,0,0,0,0,0,0,0,0,0,0,0,0,0,0,0,0,0,0,0,0,0,0,0,0,0,0,0,0,0,0,0,0,0,0,0,0,0,0,0,0,0,0,0,0,0,0,0,0,0,0,652,0,0,0,0,0,0,0,0,0,0,0,0,0,0,0,0,0,0,0,0,0,0,0,0,0,0,0,0,0,0,0,0,0,0,0,0,0,"['sk__Eukaryota', 'k__Metazoa', 'p__Chordata', 'c__Aves', 'o__Passeriformes', 'f__Passerellidae', 'g__Melospiza', 's__Melospiza_melodia']"
s__Sitta_carolinensis,0,0,0,0,0,0,0,0,0,0,0,0,0,0,0,0,0,0,0,0,0,0,0,0,0,0,0,0,0,0,0,0,0,0,0,0,0,0,0,0,0,0,0,0,0,0,0,0,0,0,0,0,0,0,0,0,0,0,0,0,0,0,0,0,0,0,0,0,0,0,0,0,0,0,0,0,0,0,0,0,0,0,0,0,0,0,0,0,0,0,0,0,0,0,0,0,0,0,0,0,0,0,0,0,0,0,0,0,0,0,0,0,0,0,0,0,0,0,0,0,0,0,0,0,0,0,886,0,0,0,0,0,"['sk__Eukaryota', 'k__Metazoa', 'p__Chordata', 'c__Aves', 'o__Passeriformes', 'f__Sittidae', 'g__Sitta', 's__Sitta_carolinensis']"
s__Sturnus_vulgaris,0,0,0,0,0,0,0,0,0,0,0,0,0,0,0,0,0,0,0,0,0,0,0,0,0,0,2695,1373,21150,30589,14748,25407,39816,35623,34270,31505,0,0,0,0,0,0,0,0,0,0,0,0,0,0,0,0,0,0,0,0,0,0,0,0,0,0,0,0,0,0,0,0,0,0,0,0,0,0,0,0,0,0,0,0,0,0,0,0,0,0,0,0,0,0,0,0,0,0,0,0,0,0,0,0,0,0,0,0,0,885,1484,2382,0,0,0,0,0,0,0,0,0,0,0,0,0,0,0,0,1012,0,0,0,0,0,0,0,"['sk__Eukaryota', 'k__Metazoa', 'p__Chordata', 'c__Aves', 'o__Passeriformes', 'f__Sturnidae', 'g__Sturnus', 's__Sturnus_vulgaris']"
s__Podilymbus_podiceps,0,0,0,0,0,0,0,0,0,0,0,0,0,0,0,0,0,0,0,0,0,0,0,0,0,0,0,0,0,0,0,0,0,0,0,107,0,0,0,0,0,0,0,0,0,0,0,0,0,0,0,0,0,0,0,0,0,0,0,0,0,0,0,0,0,0,0,0,0,0,0,0,0,0,0,0,0,0,0,0,0,0,0,0,0,0,0,0,0,0,0,0,0,0,0,0,0,0,0,0,0,0,0,0,0,0,0,0,0,0,0,0,0,0,0,0,0,0,0,0,0,0,0,0,0,0,0,0,0,0,0,0,"['sk__Eukaryota', 'k__Metazoa', 'p__Chordata', 'c__Aves', 'o__Podicipediformes', 'f__Podicipedidae', 'g__Podilymbus', 's__Podilymbus_podiceps']"
s__Canis_lupus,6,0,0,0,0,0,0,0,0,0,0,0,0,0,0,0,0,0,0,0,0,0,0,0,0,0,0,0,0,0,0,0,0,0,0,0,0,0,0,0,0,0,0,0,0,0,0,0,0,0,0,0,0,0,0,0,0,0,0,0,0,0,0,0,0,0,0,0,0,0,0,0,0,0,0,0,0,0,0,0,0,0,0,0,0,0,0,0,0,0,0,0,0,0,0,0,0,0,0,0,0,0,0,0,0,0,0,0,0,0,0,0,0,0,0,0,0,0,0,0,0,0,0,0,0,0,0,0,0,0,0,0,"['sk__Eukaryota', 'k__Metazoa', 'p__Chordata', 'c__Mammalia', 'o__Carnivora', 'f__Canidae', 'g__Canis', 's__Canis_lupus']"
s__Tadarida_brasiliensis,0,0,0,0,0,0,0,0,0,0,0,0,0,0,0,0,0,0,0,0,0,0,0,0,0,0,0,0,0,0,0,0,0,0,0,0,0,0,0,0,0,0,0,0,0,0,0,0,0,0,0,0,0,0,0,0,0,0,0,0,0,0,0,0,0,0,0,0,0,0,0,0,0,0,0,0,0,0,0,0,0,0,0,0,0,0,0,0,0,0,0,0,0,0,0,0,0,0,0,0,0,0,0,0,0,0,0,0,0,0,0,0,0,0,0,0,0,0,0,0,0,0,0,0,0,386,0,0,0,0,0,392,"['sk__Eukaryota', 'k__Metazoa', 'p__Chordata', 'c__Mammalia', 'o__Chiroptera', 'f__Molossidae', 'g__Tadarida', 's__Tadarida_brasiliensis']"
s__Eptesicus_fuscus,0,0,0,0,0,0,0,0,0,0,0,0,0,0,0,0,0,0,0,0,0,0,0,0,0,0,0,0,0,0,0,0,0,0,0,0,0,0,0,0,0,0,0,0,0,0,0,0,0,0,0,0,0,0,0,0,0,0,0,0,0,0,0,0,0,0,0,0,0,0,0,0,0,0,0,0,0,0,0,0,0,0,0,0,0,0,0,0,0,0,0,0,0,0,26,0,0,0,0,0,0,0,0,0,0,0,0,0,0,0,0,0,0,0,0,0,0,0,0,0,0,0,0,0,0,0,0,0,0,0,0,0,"['sk__Eukaryota', 'k__Metazoa', 'p__Chordata', 'c__Mammalia', 'o__Chiroptera', 'f__Vespertilionidae', 'g__Eptesicus', 's__Eptesicus_fuscus']"
s__Didelphis_virginiana,1437,0,0,0,0,0,0,0,0,0,0,0,0,0,0,0,0,0,0,0,6,0,0,0,0,0,0,0,0,0,0,0,0,0,0,0,0,0,0,0,0,0,0,0,0,0,0,0,0,0,0,0,0,0,0,0,0,0,0,0,0,0,0,0,0,0,0,0,0,0,0,0,0,0,0,0,0,0,0,0,0,0,0,0,0,0,0,0,0,0,0,0,0,0,0,0,0,0,0,0,0,0,0,0,0,0,0,0,0,0,0,0,0,0,0,0,0,0,0,0,0,0,0,0,0,0,0,0,0,0,0,0,"['sk__Eukaryota', 'k__Metazoa', 'p__Chordata', 'c__Mammalia', 'o__Didelphimorphia', 'f__Didelphidae', 'g__Didelphis', 's__Didelphis_virginiana']"
s__Lepus_californicus,0,0,0,0,0,0,0,0,0,0,0,0,0,0,0,0,0,0,0,0,0,0,0,0,0,0,0,0,0,0,0,0,0,0,0,0,0,0,0,0,0,0,0,0,0,0,0,0,0,0,0,0,0,0,0,0,0,0,0,0,0,0,0,0,0,0,0,0,0,0,0,0,0,0,0,0,0,0,0,0,0,0,0,0,0,0,0,0,0,0,0,0,0,0,0,0,0,0,0,0,24,0,0,0,0,0,0,0,0,0,0,0,0,0,0,0,0,0,0,0,0,0,0,0,0,0,0,0,0,0,0,0,"['sk__Eukaryota', 'k__Metazoa', 'p__Chordata', 'c__Mammalia', 'o__Lagomorpha', 'f__Leporidae', 'g__Lepus', 's__Lepus_californicus']"
s__Homo_sapiens,4913,0,6786,686,941,233279,0,0,0,6060,1849,13802,3962,0,3091,452,7205,0,0,0,5346,1562,5035,1018,0,1118,16980,593,0,1679,0,1070,11976,0,5165,4280,1780,771,1752,2080,6973,3831,117916,99429,103352,162615,0,800,1712,2442,0,1107,0,6767,0,4678,17847,7894,4361,0,7,565,2765,0,577,5330,27,14280,1210,1673,1262,120782,9012,3720,7239,7776,4090,0,0,0,0,152,352,0,76,0,0,0,0,73,224,485,1017,1164,1616,11810,200,0,0,0,0,0,41,180,10,2314,1186,8992,13462,4046,0,0,0,4232,1804,3163,3879,2416,5680,7806,0,0,0,1893,2293,1023,1258,2723,8551,97,1756,6966,"['sk__Eukaryota', 'k__Metazoa', 'p__Chordata', 'c__Mammalia', 'o__Primates', 'f__Hominidae', 'g__Homo', 's__Homo_sapiens']"
s__Mus_musculus,0,0,0,0,0,0,0,0,0,0,0,0,0,0,0,0,0,0,0,0,0,0,0,0,0,0,0,0,0,0,0,0,0,0,0,0,0,0,0,0,0,0,0,0,0,0,0,0,0,0,0,0,0,0,0,0,0,0,0,0,0,0,0,0,0,0,0,0,0,0,0,0,0,0,0,0,0,0,0,0,0,0,0,0,0,0,0,0,0,0,0,0,0,0,0,0,0,0,0,0,0,0,0,0,0,0,0,0,0,0,0,0,0,0,0,0,0,0,0,0,22,0,0,0,0,0,0,0,0,0,0,0,"['sk__Eukaryota', 'k__Metazoa', 'p__Chordata', 'c__Mammalia', 'o__Rodentia', 'f__Muridae', 'g__Mus_<mouse', 's__Mus_musculus']"
s__Spermophilus_dauricus,0,0,0,0,0,0,0,0,0,0,0,0,0,0,0,0,0,0,0,0,0,0,0,0,0,0,0,0,0,0,0,0,0,0,0,0,0,0,0,0,0,0,0,0,0,0,0,0,0,0,0,0,0,0,0,0,0,0,0,0,0,0,0,0,0,0,0,0,0,0,0,0,0,0,0,0,0,0,0,0,0,0,0,0,0,0,0,0,0,0,0,0,0,0,0,0,0,0,0,0,0,0,0,0,0,0,0,0,0,0,0,3,0,3,0,0,0,0,0,0,0,0,0,0,0,0,0,0,0,0,0,0,"['sk__Eukaryota', 'k__Metazoa', 'p__Chordata', 'c__Mammalia', 'o__Rodentia', 'f__Sciuridae', 'g__Spermophilus', 's__Spermophilus_dauricus']"
s__Bos_taurus,1087,0,274,181,8226,2801,22488,0,0,0,0,0,0,0,0,0,0,7126,4552,0,3,0,867,0,0,0,56149,69263,0,71,0,5506,0,6581,0,0,10548,44534,1486,0,0,0,0,0,0,0,0,0,1569,1072,3816,3148,55075,23380,0,0,8384,2088,1473,0,0,0,0,0,0,4159,0,13583,49054,64664,44467,63103,0,0,0,0,0,0,0,0,0,0,0,0,0,0,0,0,0,0,0,34038,33477,42541,35335,6680,291342,0,214,308,1025,146,60,227,104,50342,41870,39975,3172,2548,0,409,34376,25922,22191,22686,0,0,0,0,80429,50554,97287,193074,44709,31440,9704,46768,662,813,5038,3029,"['sk__Eukaryota', 'k__Metazoa', 'p__Chordata', 'c__Mammalia', 'o__unknown', 'f__Bovidae', 'g__Bos', 's__Bos_taurus']"
s__Odocoileus_hemionus,0,0,0,0,0,0,0,0,0,0,0,0,0,0,0,0,0,0,0,0,0,0,0,0,0,0,0,0,0,0,0,0,0,0,0,0,0,0,0,0,0,215,0,0,0,0,0,0,0,0,0,0,0,0,0,0,0,0,0,0,0,0,0,0,0,0,0,0,0,0,0,0,0,0,0,0,0,0,0,0,0,0,0,0,0,0,0,0,0,0,0,0,0,0,0,0,0,0,0,0,0,0,0,0,0,0,0,0,0,0,0,0,0,0,0,0,0,0,0,0,0,0,0,0,0,0,0,0,0,0,0,87711,"['sk__Eukaryota', 'k__Metazoa', 'p__Chordata', 'c__Mammalia', 'o__unknown', 'f__Cervidae', 'g__Odocoileus', 's__Odocoileus_hemionus']"
s__Sus_scrofa,0,0,0,0,0,4,0,1700,0,0,0,0,0,0,0,0,0,0,0,0,0,537,0,0,0,0,0,0,0,0,0,0,0,0,0,0,0,0,3235,0,2114,0,0,0,0,0,0,2697,0,0,0,0,0,0,0,0,170,0,434,0,0,0,0,0,0,0,0,19205,35647,0,0,0,0,0,0,0,0,0,0,0,0,0,0,0,0,0,0,0,0,0,0,0,0,0,2111,0,0,0,0,0,0,0,0,0,0,0,0,0,0,0,0,0,0,0,0,0,0,0,0,0,0,0,0,13,0,0,2201,781,0,0,0,0,"['sk__Eukaryota', 'k__Metazoa', 'p__Chordata', 'c__Mammalia', 'o__unknown', 'f__Suidae', 'g__Sus', 's__Sus_scrofa']"
s__Sistrurus_catenatus,0,0,0,0,0,0,0,0,0,0,0,0,0,0,0,0,0,0,0,0,0,0,0,0,0,0,0,0,0,0,0,0,0,0,0,0,0,0,0,0,0,0,0,0,0,0,0,0,0,0,0,0,0,0,0,0,0,0,0,0,0,0,0,0,0,0,0,0,0,0,0,0,0,0,0,0,0,0,0,0,688,783,1123,0,1410,3566,0,2816,0,1370,273,0,0,0,0,0,0,0,0,0,0,0,0,0,0,0,0,0,0,0,0,148,0,0,0,0,0,0,0,0,0,0,0,0,0,0,0,0,0,0,0,0,"['sk__Eukaryota', 'k__Metazoa', 'p__Chordata', 'c__unknown', 'o__Squamata', 'f__Viperidae', 'g__Sistrurus', 's__Sistrurus_catenatus']"
s__Trachemys_scripta,0,0,0,0,0,0,0,0,0,0,0,0,0,0,0,0,0,0,0,0,0,15,3,0,0,0,0,0,0,0,0,0,0,0,0,0,0,0,0,0,140,7,0,0,0,0,9,11,0,6,0,0,0,0,0,0,0,0,0,0,0,0,0,0,0,0,0,0,0,0,0,0,0,0,0,0,0,0,0,0,0,0,0,0,0,85,0,0,0,0,0,0,0,0,0,0,1113,0,0,0,0,0,0,0,0,0,0,0,0,0,0,0,0,0,0,0,78,8,0,0,0,0,0,0,0,0,0,0,0,0,0,0,"['sk__Eukaryota', 'k__Metazoa', 'p__Chordata', 'c__unknown', 'o__Testudines', 'f__Emydidae', 'g__Trachemys', 's__Trachemys_scripta']"
g__Micropterus,22,0,11,11,0,0,0,0,0,0,0,0,0,0,0,0,0,0,0,0,0,0,0,0,0,0,0,0,0,0,0,0,0,0,0,0,0,0,0,0,0,0,0,0,0,0,0,0,0,0,0,0,0,0,0,0,0,0,0,0,0,0,0,0,0,0,0,0,0,0,0,0,0,0,0,0,0,0,0,0,0,0,0,0,0,0,0,0,0,0,0,0,0,0,0,0,0,0,0,0,0,0,0,0,0,0,0,0,0,0,0,0,0,0,0,0,0,0,0,0,0,0,0,0,0,0,0,0,0,0,0,0,"['sk__Eukaryota', 'k__Metazoa', 'p__Chordata', 'c__Actinopteri', 'o__Centrarchiformes', 'f__Centrarchidae', 'g__Micropterus']"
g__Taricha,0,0,0,0,0,1244,11876,17816,17018,23529,32588,13260,20362,6847,13019,72221,5813,39933,12632,0,0,0,0,0,0,0,3593,4060,2653,2121,8197,2922,344,4249,941,2862,589,2275,4352,0,0,0,0,0,0,0,0,0,0,0,0,0,0,0,0,0,29400,38118,0,0,0,0,0,0,0,477,0,0,0,0,0,0,0,0,0,0,0,0,0,0,0,0,0,0,0,0,0,0,0,0,0,2393,2394,0,2999,0,260,0,0,0,0,0,0,0,0,16308,16853,13661,12393,5902,11249,2193,38862,29531,32640,49449,0,0,0,0,0,0,0,0,0,204,0,0,0,0,1809,410,"['sk__Eukaryota', 'k__Metazoa', 'p__Chordata', 'c__Amphibia', 'o__Caudata', 'f__Salamandridae', 'g__Taricha']"
g__Anas,0,0,14263,304,0,1822,9939,0,0,0,0,0,0,0,0,0,0,211,0,0,0,0,667,0,0,0,4795,5346,2016,0,2876,2632,0,0,413,1399,0,763,0,0,9603,2571,0,0,0,0,0,0,0,0,4,0,0,0,0,0,0,0,0,0,0,0,0,0,0,1059,0,0,0,1532,1056,608,0,488,0,0,0,0,0,0,0,0,0,0,0,0,0,0,0,0,0,1244,785,0,701,7523,30253,67,503,189,1809,1888,1344,1666,481,0,0,0,0,0,0,0,0,0,0,0,0,205,0,0,3776,2432,0,0,6297,2603,0,0,2098,182680,28805,14287,"['sk__Eukaryota', 'k__Metazoa', 'p__Chordata', 'c__Aves', 'o__Anseriformes', 'f__Anatidae', 'g__Anas']"
g__Buteo,0,0,0,0,0,0,0,0,0,0,0,0,0,0,0,0,0,0,0,0,0,0,0,0,0,0,0,0,0,0,0,0,0,0,0,0,0,0,0,0,0,0,0,0,0,0,0,0,0,0,4358,0,0,0,0,0,0,0,0,0,0,0,0,0,0,0,0,0,0,0,0,0,0,0,0,0,0,0,0,0,0,0,0,0,0,0,0,0,0,0,0,0,0,0,0,0,0,0,0,0,0,0,0,0,0,0,0,0,0,0,0,0,0,0,0,0,0,0,0,0,0,0,0,0,0,0,0,0,0,0,0,0,"['sk__Eukaryota', 'k__Metazoa', 'p__Chordata', 'c__Aves', 'o__Falconiformes', 'f__Accipitridae', 'g__Buteo']"
g__Melanerpes,0,0,0,0,0,0,0,0,0,0,0,0,0,0,0,0,0,0,0,0,0,0,0,0,0,0,0,0,0,0,0,0,0,0,0,0,0,0,0,0,0,0,0,0,0,0,0,0,0,0,0,0,0,0,0,0,0,0,0,0,0,0,0,0,0,0,0,0,0,0,0,0,0,0,0,0,0,0,0,0,0,0,0,0,0,0,0,0,0,0,0,0,0,0,3824,0,0,0,0,0,0,0,0,0,0,0,0,0,0,0,0,0,0,0,0,0,0,0,0,0,0,0,0,0,0,0,0,637,0,0,0,0,"['sk__Eukaryota', 'k__Metazoa', 'p__Chordata', 'c__Aves', 'o__Piciformes', 'f__Picidae', 'g__Melanerpes']"
g__Canis,7545,0,0,0,0,0,0,0,0,0,0,0,0,0,0,0,0,0,0,0,54,0,0,0,0,0,0,0,0,0,0,0,0,0,0,0,0,0,0,0,0,0,0,0,0,909,0,0,0,0,0,0,0,2424,0,0,0,0,0,0,0,0,0,0,0,0,0,0,0,0,0,2723,0,0,0,0,0,0,0,0,0,0,0,0,0,0,0,48,0,0,0,0,0,0,0,0,0,0,0,0,0,0,0,0,0,0,0,0,0,0,0,0,0,0,0,978,0,0,0,0,0,0,0,0,0,0,0,0,0,0,0,0,"['sk__Eukaryota', 'k__Metazoa', 'p__Chordata', 'c__Mammalia', 'o__Carnivora', 'f__Canidae', 'g__Canis']"
g__Myotis,0,0,0,0,0,0,0,0,0,0,0,0,0,0,0,0,0,0,0,0,0,0,0,0,0,0,0,0,0,0,0,0,0,0,0,0,0,0,0,0,0,0,0,0,0,0,0,0,0,0,0,0,0,0,0,0,0,0,0,0,0,0,0,0,0,0,0,0,0,0,0,0,0,0,0,0,0,0,0,0,0,0,0,0,0,0,0,0,0,0,0,0,0,0,0,0,0,0,0,0,0,0,0,0,0,0,0,0,0,0,0,0,0,0,0,0,0,0,0,0,0,0,0,0,0,0,0,0,0,0,0,44,"['sk__Eukaryota', 'k__Metazoa', 'p__Chordata', 'c__Mammalia', 'o__Chiroptera', 'f__Vespertilionidae', 'g__Myotis']"
g__Microtus,0,0,0,0,0,0,0,0,0,0,0,0,0,0,0,0,0,0,0,0,0,0,0,0,0,0,0,0,0,0,0,0,0,0,0,0,0,0,0,0,0,0,0,0,0,0,0,0,0,0,0,0,0,0,0,0,0,0,0,0,0,0,0,0,0,0,0,0,0,0,0,0,0,0,0,569,0,0,0,0,0,0,0,0,0,0,0,0,0,0,0,0,0,0,0,0,0,0,0,0,0,0,0,0,0,0,0,0,0,0,0,0,0,0,0,0,111,0,0,0,0,0,0,0,0,0,0,0,0,0,0,0,"['sk__Eukaryota', 'k__Metazoa', 'p__Chordata', 'c__Mammalia', 'o__Rodentia', 'f__Cricetidae', 'g__Microtus']"
f__Anatidae,0,0,0,1756,0,0,26,0,0,0,0,0,0,0,0,0,0,0,0,0,0,0,0,0,0,0,0,0,0,0,0,0,0,0,0,0,56,0,0,0,0,0,0,0,0,0,0,0,0,0,0,0,0,0,0,0,0,0,0,0,0,0,0,0,0,0,0,0,0,0,0,0,0,0,0,0,0,0,0,0,0,0,0,0,0,0,0,0,0,0,0,0,0,0,0,0,0,0,0,0,163,30,158,187,167,0,0,0,0,0,0,0,0,0,0,0,0,0,0,0,0,0,0,0,0,0,0,0,0,0,0,0,"['sk__Eukaryota', 'k__Metazoa', 'p__Chordata', 'c__Aves', 'o__Anseriformes', 'f__Anatidae']"
f__Columbidae,0,0,0,0,0,0,0,0,0,0,0,0,0,0,0,0,0,0,0,0,0,0,0,0,0,0,0,0,0,0,0,0,0,0,0,0,0,0,0,0,0,0,0,0,0,0,0,0,0,0,0,0,0,0,0,0,0,0,0,0,0,0,0,0,0,0,0,0,0,0,0,0,0,0,0,0,0,0,0,0,0,0,0,0,0,0,0,0,0,0,0,0,0,0,0,0,0,0,0,0,0,0,0,0,0,0,32,0,0,0,0,0,0,0,0,0,0,0,0,0,0,0,0,0,0,0,0,0,0,0,0,0,"['sk__Eukaryota', 'k__Metazoa', 'p__Chordata', 'c__Aves', 'o__Columbiformes', 'f__Columbidae']"
f__Rallidae,0,0,0,0,0,0,0,0,0,0,0,0,0,0,0,0,0,0,0,0,0,0,0,0,0,0,4,0,0,7,0,0,0,0,4,0,0,0,0,0,0,0,0,0,0,0,0,0,0,0,0,0,0,0,0,0,0,0,0,0,0,0,0,0,0,0,0,0,0,0,0,0,0,0,0,0,0,0,0,0,0,0,0,0,0,0,0,0,0,0,0,0,0,0,0,0,0,0,0,0,0,0,0,0,0,0,0,0,0,0,0,0,0,0,0,0,0,0,0,0,0,0,0,0,0,0,0,0,0,0,0,0,"['sk__Eukaryota', 'k__Metazoa', 'p__Chordata', 'c__Aves', 'o__Gruiformes', 'f__Rallidae']"
f__Corvidae,0,0,0,0,0,0,0,0,0,0,0,0,0,0,0,0,0,0,0,0,0,0,0,0,0,0,0,0,0,0,0,0,0,0,0,0,0,0,0,0,0,0,0,0,0,0,0,0,0,0,0,0,0,0,0,0,0,0,0,0,0,0,0,0,0,0,0,0,0,0,0,0,0,0,0,0,0,0,0,0,0,0,0,0,0,0,0,0,0,0,0,0,0,0,0,0,0,0,0,0,0,0,0,0,0,1568,1455,0,0,0,0,0,0,0,0,0,0,0,0,0,0,0,0,0,0,0,0,0,0,0,0,0,"['sk__Eukaryota', 'k__Metazoa', 'p__Chordata', 'c__Aves', 'o__Passeriformes', 'f__Corvidae']"
f__Icteridae,0,0,0,0,1032,0,0,0,0,0,0,0,0,0,0,0,0,0,0,0,0,0,0,0,0,0,574,287,12965,8656,9744,11047,46445,27146,35882,51762,0,0,0,0,0,0,0,0,0,0,0,0,0,0,0,0,0,0,0,0,0,0,0,0,0,0,0,0,0,0,0,0,0,0,0,0,0,0,0,0,0,0,0,0,0,0,0,0,0,0,0,0,0,0,0,0,0,0,0,0,0,0,0,0,0,0,0,0,0,0,0,0,0,0,0,0,0,0,0,0,0,0,0,0,0,0,0,0,0,0,0,0,0,0,0,0,"['sk__Eukaryota', 'k__Metazoa', 'p__Chordata', 'c__Aves', 'o__Passeriformes', 'f__Icteridae']"
f__Ardeidae,0,0,4179,0,0,0,0,0,0,0,0,0,0,0,0,0,0,0,0,0,0,0,0,0,0,0,0,0,0,0,0,0,0,0,0,0,0,0,0,0,0,0,0,0,0,0,0,0,0,0,0,0,0,0,0,0,0,0,0,0,0,0,0,0,0,0,0,0,0,0,0,0,0,0,0,0,0,0,0,0,0,0,0,0,0,0,0,0,0,0,0,0,0,0,0,0,0,0,0,0,0,0,0,0,0,0,0,0,0,0,0,0,0,0,0,15,0,0,0,0,0,0,0,0,0,0,0,0,0,0,0,0,"['sk__Eukaryota', 'k__Metazoa', 'p__Chordata', 'c__Aves', 'o__Pelecaniformes', 'f__Ardeidae']"
f__Felidae,0,0,0,0,0,0,0,0,0,0,0,0,0,0,0,0,0,0,0,0,0,0,0,0,0,372,0,0,0,0,0,0,0,0,0,0,0,0,0,0,0,0,0,0,0,0,0,0,0,0,0,0,0,0,0,0,0,0,0,0,0,0,0,0,0,0,0,0,0,0,0,0,0,0,0,0,0,0,0,0,0,0,0,0,0,0,0,0,0,0,0,0,0,0,0,0,0,0,0,0,0,0,0,0,0,0,0,0,0,0,0,0,0,0,0,0,0,0,0,0,0,0,0,0,0,0,0,0,0,0,0,0,"['sk__Eukaryota', 'k__Metazoa', 'p__Chordata', 'c__Mammalia', 'o__Carnivora', 'f__Felidae']"
f__Cricetidae,1541,0,0,0,0,0,0,0,0,0,0,0,0,0,0,0,0,0,0,0,13,0,0,0,0,0,0,0,0,0,0,0,0,0,0,0,0,0,0,0,0,0,0,0,0,0,0,0,0,0,0,0,0,0,0,0,0,0,0,0,0,0,0,0,0,0,0,0,0,0,0,0,0,0,0,0,0,0,0,0,0,0,0,0,0,0,0,0,0,0,0,0,0,0,0,0,0,0,0,0,0,0,0,0,0,0,0,0,0,0,0,0,0,0,0,0,0,0,0,0,0,0,0,0,0,0,0,0,0,0,0,0,"['sk__Eukaryota', 'k__Metazoa', 'p__Chordata', 'c__Mammalia', 'o__Rodentia', 'f__Cricetidae']"
f__Sciuridae,0,0,0,0,0,0,0,0,0,0,0,0,0,0,0,0,0,0,0,0,0,0,0,0,0,0,0,0,0,0,0,0,0,0,0,0,0,0,0,0,0,0,0,0,0,0,0,0,0,0,0,0,0,0,0,0,0,0,0,0,0,0,0,0,0,0,0,0,0,0,0,0,0,0,0,0,0,0,0,0,0,0,0,0,0,0,0,0,0,0,0,0,0,0,0,0,0,0,0,0,0,0,0,0,0,0,0,0,294,0,3,0,90,15,9,146,0,0,0,0,0,0,0,0,0,0,0,0,0,0,0,0,"['sk__Eukaryota', 'k__Metazoa', 'p__Chordata', 'c__Mammalia', 'o__Rodentia', 'f__Sciuridae']"
f__Cervidae,0,0,0,0,0,0,0,0,0,0,0,0,0,0,0,0,0,0,0,0,0,0,0,0,0,0,0,0,0,0,0,0,0,0,0,0,0,0,0,0,0,0,0,0,0,0,0,0,0,0,0,0,0,0,0,0,0,0,0,0,0,0,0,0,0,0,0,0,0,0,0,0,0,0,0,0,0,0,0,0,0,0,0,0,0,0,0,0,0,0,0,0,0,0,0,0,0,0,0,0,0,0,0,0,0,0,0,0,0,0,0,0,0,0,0,0,0,0,0,0,0,0,0,0,0,0,0,0,0,0,0,57,"['sk__Eukaryota', 'k__Metazoa', 'p__Chordata', 'c__Mammalia', 'o__unknown', 'f__Cervidae']"
o__Anura,75,0,0,0,0,1514,5106,3700,1526,897,3969,6623,5798,5665,6671,225,14,19803,7773,1152,0,3215,2249,0,0,0,1055,1058,0,0,0,492,0,0,90,0,1933,2408,0,0,13177,3367,0,0,0,0,0,0,0,0,166,0,663,0,0,0,0,0,0,0,0,0,0,0,0,8466,3691,2381,2974,2783,634,0,107195,100998,0,736,0,0,0,0,0,0,0,0,0,0,0,0,0,0,0,161,362,0,0,1135,14152,0,0,132,141,88,27,20,19,23664,15244,14923,0,0,0,0,0,0,273,393,22872,24206,0,1646,437,411,0,0,1436,214,0,18,13566,43498,2381,1794,"['sk__Eukaryota', 'k__Metazoa', 'p__Chordata', 'c__Amphibia', 'o__Anura']"
o__Caudata,0,0,0,0,0,11,53,11,14,26,628,171,289,104,721,2369,52093,507,22,0,0,0,0,0,0,0,51,40,0,0,5,33,5124,8,0,0,4,29,58,0,0,0,0,0,0,0,5,0,0,0,13,3,0,7,0,0,70,522,0,0,0,0,0,0,0,0,0,0,0,0,0,0,0,24,0,9,0,0,0,0,0,0,0,0,0,0,0,0,0,0,0,18,28,0,37,0,0,0,0,0,0,0,0,0,0,472,161,172,166,68,145,29,625,306,327,581,0,0,0,0,0,0,0,0,0,0,0,0,0,0,16,0,"['sk__Eukaryota', 'k__Metazoa', 'p__Chordata', 'c__Amphibia', 'o__Caudata']"
o__Passeriformes,0,0,0,0,78,0,0,0,0,0,0,0,0,0,0,0,0,0,0,0,0,0,0,0,0,0,57,3,936,840,300,1556,6916,3033,5776,6412,0,0,0,0,0,0,0,0,0,0,0,0,0,0,0,0,0,0,0,0,0,0,0,0,0,0,0,0,0,0,0,0,0,0,0,0,0,0,0,0,0,0,0,0,0,0,0,0,0,0,0,0,0,0,0,0,0,0,820,0,0,0,0,0,0,0,0,0,0,118,82,132,0,0,0,0,0,0,0,54,0,0,1290,0,0,0,9,495,416,0,26,168,0,0,0,312,"['sk__Eukaryota', 'k__Metazoa', 'p__Chordata', 'c__Aves', 'o__Passeriformes']"
c__Aves,0,0,1116,137,0,75,1006,0,0,0,0,0,0,0,0,0,0,26,0,0,0,0,24,0,0,0,432,452,110,303,160,216,18,11,70,495,0,423,0,0,517,224,0,0,0,0,0,0,0,0,466,857,0,0,0,0,0,0,0,0,0,0,0,0,0,60,0,0,0,7,13,34,0,17,0,0,0,0,0,0,0,0,0,0,0,0,0,0,0,0,0,85,44,0,75,482,2351,0,249,455,296,89,139,139,48,0,0,0,0,0,0,0,0,0,0,2184,0,3,0,0,248,118,0,0,135,356,0,0,130,7180,809,753,"['sk__Eukaryota', 'k__Metazoa', 'p__Chordata', 'c__Aves']"
c__Mammalia,0,0,0,0,0,12,0,0,0,0,0,0,0,0,0,0,0,0,0,0,0,0,0,0,0,0,3,0,0,0,0,0,0,0,0,0,0,0,0,0,0,0,0,0,0,0,0,0,0,0,0,0,0,0,0,0,0,0,0,0,0,0,0,0,0,0,0,0,9,0,0,0,0,0,0,0,0,0,0,0,0,0,0,0,0,0,0,0,0,0,0,0,0,0,0,0,0,0,0,0,0,0,0,0,0,0,823,413,9549,2403,13906,13973,3475,13685,5515,4826,0,0,0,0,0,0,0,0,544,0,0,0,0,0,0,22,"['sk__Eukaryota', 'k__Metazoa', 'p__Chordata', 'c__Mammalia']"
p__Chordata,0,0,0,0,0,0,8,0,0,0,0,0,0,0,0,0,0,0,0,0,0,4721,11340,0,0,0,0,0,0,0,0,0,0,0,0,0,0,0,0,0,46940,9070,1695,409,1468,384,8066,12578,1501,7584,0,0,0,0,0,0,0,0,0,0,0,0,0,0,0,0,0,0,0,0,0,0,0,0,0,0,0,0,0,0,0,0,0,0,0,0,0,0,0,0,0,0,0,0,0,0,0,0,0,0,0,0,0,0,0,0,0,0,0,0,0,0,0,0,0,0,30115,16211,6,0,0,0,0,0,0,0,0,0,0,0,0,0,"['sk__Eukaryota', 'k__Metazoa', 'p__Chordata']"
__unassigned,30,0,681,26,0,12623,271,861,515,258,1034,2973,3388,454,622,836,98,12,11,382,4,1002,1632,49,0,0,687,80,3,82,1925,222,471,487,428,1389,143,281,2169,5,5060,433,2943,7873,1714,8910,624,2376,103,1019,14378,785,113,140,7,0,495,720,5,0,0,0,0,16,0,1285,0,44,54,4859,500,0,569,298,387,502,2301,0,0,0,273,260,273,0,34,175,0,29,4,0,377,429,237,0,56,3637,465,0,0,9,0,3,0,5,4,739,2495,1469,25671,36722,33691,11734,284,1818,2263,1497,3257,3327,1863,2239,16,0,44,8,8,155,107,25,0,124,7,1817,['__unassigned']